source_place;warehouse;location_parent;location_name;location_complete_name;mapping_status;source_row_count;notes
!!!;;;;;to_check;2;Source observee sur 2 ligne(s). Valeur heterogene : rattachement a confirmer.
-;;;;;to_check;4;Source observee sur 4 ligne(s). Valeur heterogene : rattachement a confirmer.
?;;;;;to_check;2;Source observee sur 2 ligne(s). Valeur heterogene : rattachement a confirmer.
???;;;;;to_check;11;Source observee sur 11 ligne(s). Valeur heterogene : rattachement a confirmer.
AVION;;;;;to_check;8;Source observee sur 8 ligne(s). Valeur heterogene : rattachement a confirmer.
CAISSE PLEINE;;;;;to_check;3;Source observee sur 3 ligne(s). Valeur heterogene : rattachement a confirmer.
CARTON;;;;;to_check;8;Source observee sur 8 ligne(s). Valeur heterogene : rattachement a confirmer.
CASSE;;;RPBM: Scrap;Virtual Locations/RPBM: Scrap;proposed;183;Source observee sur 183 ligne(s). Ne doit pas alimenter le stock vendable.
CENTRE;;;;;to_check;2;Source observee sur 2 ligne(s). Nature de la zone et rattachement a un entrepot a confirmer.
Caisse;;;;;to_check;17;Source observee sur 17 ligne(s). Valeur heterogene : rattachement a confirmer.
Caisse - R117 ?;;;;;to_check;2;Source observee sur 2 ligne(s). Valeur heterogene : rattachement a confirmer.
Caisse D2;;;;;to_check;19;Source observee sur 19 ligne(s). Valeur heterogene : rattachement a confirmer.
Caisse Joints;;;;;to_check;1;Source observee sur 1 ligne(s). Valeur heterogene : rattachement a confirmer.
Carton;;;;;to_check;4;Source observee sur 4 ligne(s). Valeur heterogene : rattachement a confirmer.
Carton Joints;;;;;to_check;7;Source observee sur 7 ligne(s). Valeur heterogene : rattachement a confirmer.
Casse;;;RPBM: Scrap;Virtual Locations/RPBM: Scrap;proposed;1;Source observee sur 1 ligne(s). Ne doit pas alimenter le stock vendable.
Centre;;;;;to_check;1320;Source observee sur 1320 ligne(s). Nature de la zone et rattachement a un entrepot a confirmer.
D2;RPBM;RPBM/Stock D2;Stock D2;RPBM/Stock D2;existing_root;92;Source observee sur 92 ligne(s). Racine Odoo existante en preproduction.
D2 (Joints);;;;;to_check;22;Source observee sur 22 ligne(s). Valeur heterogene : rattachement a confirmer.
D2 (à terre);;;;;to_check;1;Source observee sur 1 ligne(s). Valeur heterogene : rattachement a confirmer.
D2 - Suspendu;;;;;to_check;1;Source observee sur 1 ligne(s). Valeur heterogene : rattachement a confirmer.
D2 ?;RPBM;RPBM/Stock D2;Stock D2;RPBM/Stock D2;existing_root;1;Source observee sur 1 ligne(s). Racine Odoo existante en preproduction.
D2 Joints;;;;;to_check;2;Source observee sur 2 ligne(s). Valeur heterogene : rattachement a confirmer.
DEBOUT D2;;;;;to_check;2;Source observee sur 2 ligne(s). Valeur heterogene : rattachement a confirmer.
DOMICILE;;;;;to_check;10;Source observee sur 10 ligne(s). Valeur heterogene : rattachement a confirmer.
Dcarton;;;;;to_check;9;Source observee sur 9 ligne(s). Valeur heterogene : rattachement a confirmer.
Dépôt 1;;;;;to_check;25;Source observee sur 25 ligne(s). Valeur heterogene : rattachement a confirmer.
Dépôt 2;;;;;to_check;17;Source observee sur 17 ligne(s). Valeur heterogene : rattachement a confirmer.
GALLERA;;;;;to_check;1;Source observee sur 1 ligne(s). Valeur heterogene : rattachement a confirmer.
GALLERIA;GALLERIA;;;;source_warehouse;468;"Source observee sur 468 ligne(s). Entrepot source confirme; rattachement vers la structure Odoo a definir."
GALLERiA;GALLERiA;;;;source_warehouse;1;"Source observee sur 1 ligne(s). Entrepot source confirme; rattachement vers la structure Odoo a definir."
GENIPA;GENIPA;;;;source_warehouse;204;"Source observee sur 204 ligne(s). Entrepot source confirme; rattachement vers la structure Odoo a definir."
Galleria;Galleria;;;;source_warehouse;3;"Source observee sur 3 ligne(s). Entrepot source confirme; rattachement vers la structure Odoo a definir."
Galléria;Galléria;;;;source_warehouse;79;"Source observee sur 79 ligne(s). Entrepot source confirme; rattachement vers la structure Odoo a definir."
Génipa;Génipa;;;;source_warehouse;58;"Source observee sur 58 ligne(s). Entrepot source confirme; rattachement vers la structure Odoo a definir."
J001;Depot 2;Depot 2/Stock;J001;Depot 2/Stock/J001;mapped;5;Source observee sur 5 ligne(s). Rattache a Depot 2 (repartition RPBM du 2026-08-05).
J002;Depot 2;Depot 2/Stock;J002;Depot 2/Stock/J002;mapped;16;Source observee sur 16 ligne(s). Rattache a Depot 2 (repartition RPBM du 2026-08-05).
J003;Depot 2;Depot 2/Stock;J003;Depot 2/Stock/J003;mapped;4;Source observee sur 4 ligne(s). Rattache a Depot 2 (repartition RPBM du 2026-08-05).
J004;Depot 2;Depot 2/Stock;J004;Depot 2/Stock/J004;mapped;4;Source observee sur 4 ligne(s). Rattache a Depot 2 (repartition RPBM du 2026-08-05).
J005;Depot 2;Depot 2/Stock;J005;Depot 2/Stock/J005;mapped;10;Source observee sur 10 ligne(s). Rattache a Depot 2 (repartition RPBM du 2026-08-05).
J005 + Tringle;;;;;to_check;1;Source observee sur 1 ligne(s). Valeur heterogene : rattachement a confirmer.
J006;Depot 2;Depot 2/Stock;J006;Depot 2/Stock/J006;mapped;6;Source observee sur 6 ligne(s). Rattache a Depot 2 (repartition RPBM du 2026-08-05).
J007;Depot 2;Depot 2/Stock;J007;Depot 2/Stock/J007;mapped;4;Source observee sur 4 ligne(s). Rattache a Depot 2 (repartition RPBM du 2026-08-05).
J008;Depot 2;Depot 2/Stock;J008;Depot 2/Stock/J008;mapped;4;Source observee sur 4 ligne(s). Rattache a Depot 2 (repartition RPBM du 2026-08-05).
J009;Depot 2;Depot 2/Stock;J009;Depot 2/Stock/J009;mapped;1;Source observee sur 1 ligne(s). Rattache a Depot 2 (repartition RPBM du 2026-08-05).
J010;Depot 2;Depot 2/Stock;J010;Depot 2/Stock/J010;mapped;4;Source observee sur 4 ligne(s). Rattache a Depot 2 (repartition RPBM du 2026-08-05).
J011;Depot 2;Depot 2/Stock;J011;Depot 2/Stock/J011;mapped;2;Source observee sur 2 ligne(s). Rattache a Depot 2 (repartition RPBM du 2026-08-05).
J012;Depot 2;Depot 2/Stock;J012;Depot 2/Stock/J012;mapped;1;Source observee sur 1 ligne(s). Rattache a Depot 2 (repartition RPBM du 2026-08-05).
J013;Depot 2;Depot 2/Stock;J013;Depot 2/Stock/J013;mapped;1;Source observee sur 1 ligne(s). Rattache a Depot 2 (repartition RPBM du 2026-08-05).
J014;Depot 2;Depot 2/Stock;J014;Depot 2/Stock/J014;mapped;2;Source observee sur 2 ligne(s). Rattache a Depot 2 (repartition RPBM du 2026-08-05).
J015;Depot 2;Depot 2/Stock;J015;Depot 2/Stock/J015;mapped;1;Source observee sur 1 ligne(s). Rattache a Depot 2 (repartition RPBM du 2026-08-05).
J017;Depot 2;Depot 2/Stock;J017;Depot 2/Stock/J017;mapped;1;Source observee sur 1 ligne(s). Rattache a Depot 2 (repartition RPBM du 2026-08-05).
J018;Depot 2;Depot 2/Stock;J018;Depot 2/Stock/J018;mapped;1;Source observee sur 1 ligne(s). Rattache a Depot 2 (repartition RPBM du 2026-08-05).
J021;Depot 2;Depot 2/Stock;J021;Depot 2/Stock/J021;mapped;1;Source observee sur 1 ligne(s). Rattache a Depot 2 (repartition RPBM du 2026-08-05).
J024;Depot 2;Depot 2/Stock;J024;Depot 2/Stock/J024;mapped;2;Source observee sur 2 ligne(s). Rattache a Depot 2 (repartition RPBM du 2026-08-05).
J10;Depot 2;Depot 2/Stock;J10;Depot 2/Stock/J10;mapped;2;Source observee sur 2 ligne(s). Rattache a Depot 2 (repartition RPBM du 2026-08-05).
J108;Depot 2;Depot 2/Stock;J108;Depot 2/Stock/J108;mapped;2;Source observee sur 2 ligne(s). Rattache a Depot 2 (repartition RPBM du 2026-08-05).
J10A;Depot 2;Depot 2/Stock;J10A;Depot 2/Stock/J10A;mapped;19;Source observee sur 19 ligne(s). Rattache a Depot 2 (repartition RPBM du 2026-08-05).
J10B;Depot 2;Depot 2/Stock;J10B;Depot 2/Stock/J10B;mapped;42;Source observee sur 42 ligne(s). Rattache a Depot 2 (repartition RPBM du 2026-08-05).
J10C;Depot 2;Depot 2/Stock;J10C;Depot 2/Stock/J10C;mapped;12;Source observee sur 12 ligne(s). Rattache a Depot 2 (repartition RPBM du 2026-08-05).
J10D;Depot 2;Depot 2/Stock;J10D;Depot 2/Stock/J10D;mapped;31;Source observee sur 31 ligne(s). Rattache a Depot 2 (repartition RPBM du 2026-08-05).
J10E;Depot 2;Depot 2/Stock;J10E;Depot 2/Stock/J10E;mapped;26;Source observee sur 26 ligne(s). Rattache a Depot 2 (repartition RPBM du 2026-08-05).
J10F;Depot 2;Depot 2/Stock;J10F;Depot 2/Stock/J10F;mapped;7;Source observee sur 7 ligne(s). Rattache a Depot 2 (repartition RPBM du 2026-08-05).
J10G;Depot 2;Depot 2/Stock;J10G;Depot 2/Stock/J10G;mapped;9;Source observee sur 9 ligne(s). Rattache a Depot 2 (repartition RPBM du 2026-08-05).
J11A;Depot 2;Depot 2/Stock;J11A;Depot 2/Stock/J11A;mapped;6;Source observee sur 6 ligne(s). Rattache a Depot 2 (repartition RPBM du 2026-08-05).
J11B;Depot 2;Depot 2/Stock;J11B;Depot 2/Stock/J11B;mapped;2;Source observee sur 2 ligne(s). Rattache a Depot 2 (repartition RPBM du 2026-08-05).
J11C;Depot 2;Depot 2/Stock;J11C;Depot 2/Stock/J11C;mapped;7;Source observee sur 7 ligne(s). Rattache a Depot 2 (repartition RPBM du 2026-08-05).
J11D;Depot 2;Depot 2/Stock;J11D;Depot 2/Stock/J11D;mapped;3;Source observee sur 3 ligne(s). Rattache a Depot 2 (repartition RPBM du 2026-08-05).
J11E;Depot 2;Depot 2/Stock;J11E;Depot 2/Stock/J11E;mapped;3;Source observee sur 3 ligne(s). Rattache a Depot 2 (repartition RPBM du 2026-08-05).
J11F;Depot 2;Depot 2/Stock;J11F;Depot 2/Stock/J11F;mapped;9;Source observee sur 9 ligne(s). Rattache a Depot 2 (repartition RPBM du 2026-08-05).
J11G;Depot 2;Depot 2/Stock;J11G;Depot 2/Stock/J11G;mapped;8;Source observee sur 8 ligne(s). Rattache a Depot 2 (repartition RPBM du 2026-08-05).
J11a;Depot 2;Depot 2/Stock;J11A;Depot 2/Stock/J11A;mapped;1;Source observee sur 1 ligne(s). Rattache a Depot 2 (repartition RPBM du 2026-08-05).
J1A;Depot 2;Depot 2/Stock;J1A;Depot 2/Stock/J1A;mapped;10;Source observee sur 10 ligne(s). Rattache a Depot 2 (repartition RPBM du 2026-08-05).
J1B;Depot 2;Depot 2/Stock;J1B;Depot 2/Stock/J1B;mapped;13;Source observee sur 13 ligne(s). Rattache a Depot 2 (repartition RPBM du 2026-08-05).
J1C;Depot 2;Depot 2/Stock;J1C;Depot 2/Stock/J1C;mapped;11;Source observee sur 11 ligne(s). Rattache a Depot 2 (repartition RPBM du 2026-08-05).
J1D;Depot 2;Depot 2/Stock;J1D;Depot 2/Stock/J1D;mapped;7;Source observee sur 7 ligne(s). Rattache a Depot 2 (repartition RPBM du 2026-08-05).
J1E;Depot 2;Depot 2/Stock;J1E;Depot 2/Stock/J1E;mapped;1;Source observee sur 1 ligne(s). Rattache a Depot 2 (repartition RPBM du 2026-08-05).
J1F;Depot 2;Depot 2/Stock;J1F;Depot 2/Stock/J1F;mapped;4;Source observee sur 4 ligne(s). Rattache a Depot 2 (repartition RPBM du 2026-08-05).
J1G;Depot 2;Depot 2/Stock;J1G;Depot 2/Stock/J1G;mapped;3;Source observee sur 3 ligne(s). Rattache a Depot 2 (repartition RPBM du 2026-08-05).
J2A;Depot 2;Depot 2/Stock;J2A;Depot 2/Stock/J2A;mapped;4;Source observee sur 4 ligne(s). Rattache a Depot 2 (repartition RPBM du 2026-08-05).
J2B;Depot 2;Depot 2/Stock;J2B;Depot 2/Stock/J2B;mapped;10;Source observee sur 10 ligne(s). Rattache a Depot 2 (repartition RPBM du 2026-08-05).
J2C;Depot 2;Depot 2/Stock;J2C;Depot 2/Stock/J2C;mapped;4;Source observee sur 4 ligne(s). Rattache a Depot 2 (repartition RPBM du 2026-08-05).
J2D;Depot 2;Depot 2/Stock;J2D;Depot 2/Stock/J2D;mapped;6;Source observee sur 6 ligne(s). Rattache a Depot 2 (repartition RPBM du 2026-08-05).
J2E;Depot 2;Depot 2/Stock;J2E;Depot 2/Stock/J2E;mapped;1;Source observee sur 1 ligne(s). Rattache a Depot 2 (repartition RPBM du 2026-08-05).
J2F;Depot 2;Depot 2/Stock;J2F;Depot 2/Stock/J2F;mapped;6;Source observee sur 6 ligne(s). Rattache a Depot 2 (repartition RPBM du 2026-08-05).
J2G;Depot 2;Depot 2/Stock;J2G;Depot 2/Stock/J2G;mapped;4;Source observee sur 4 ligne(s). Rattache a Depot 2 (repartition RPBM du 2026-08-05).
J307;Depot 2;Depot 2/Stock;J307;Depot 2/Stock/J307;mapped;1;Source observee sur 1 ligne(s). Rattache a Depot 2 (repartition RPBM du 2026-08-05).
J3A;Depot 2;Depot 2/Stock;J3A;Depot 2/Stock/J3A;mapped;6;Source observee sur 6 ligne(s). Rattache a Depot 2 (repartition RPBM du 2026-08-05).
J3B;Depot 2;Depot 2/Stock;J3B;Depot 2/Stock/J3B;mapped;12;Source observee sur 12 ligne(s). Rattache a Depot 2 (repartition RPBM du 2026-08-05).
J3C;Depot 2;Depot 2/Stock;J3C;Depot 2/Stock/J3C;mapped;3;Source observee sur 3 ligne(s). Rattache a Depot 2 (repartition RPBM du 2026-08-05).
J3D;Depot 2;Depot 2/Stock;J3D;Depot 2/Stock/J3D;mapped;5;Source observee sur 5 ligne(s). Rattache a Depot 2 (repartition RPBM du 2026-08-05).
J3E;Depot 2;Depot 2/Stock;J3E;Depot 2/Stock/J3E;mapped;8;Source observee sur 8 ligne(s). Rattache a Depot 2 (repartition RPBM du 2026-08-05).
J3F;Depot 2;Depot 2/Stock;J3F;Depot 2/Stock/J3F;mapped;2;Source observee sur 2 ligne(s). Rattache a Depot 2 (repartition RPBM du 2026-08-05).
J3G;Depot 2;Depot 2/Stock;J3G;Depot 2/Stock/J3G;mapped;1;Source observee sur 1 ligne(s). Rattache a Depot 2 (repartition RPBM du 2026-08-05).
J4A;Depot 2;Depot 2/Stock;J4A;Depot 2/Stock/J4A;mapped;13;Source observee sur 13 ligne(s). Rattache a Depot 2 (repartition RPBM du 2026-08-05).
J4B;Depot 2;Depot 2/Stock;J4B;Depot 2/Stock/J4B;mapped;17;Source observee sur 17 ligne(s). Rattache a Depot 2 (repartition RPBM du 2026-08-05).
J4C;Depot 2;Depot 2/Stock;J4C;Depot 2/Stock/J4C;mapped;3;Source observee sur 3 ligne(s). Rattache a Depot 2 (repartition RPBM du 2026-08-05).
J4D;Depot 2;Depot 2/Stock;J4D;Depot 2/Stock/J4D;mapped;17;Source observee sur 17 ligne(s). Rattache a Depot 2 (repartition RPBM du 2026-08-05).
J4E;Depot 2;Depot 2/Stock;J4E;Depot 2/Stock/J4E;mapped;4;Source observee sur 4 ligne(s). Rattache a Depot 2 (repartition RPBM du 2026-08-05).
J4F;Depot 2;Depot 2/Stock;J4F;Depot 2/Stock/J4F;mapped;1;Source observee sur 1 ligne(s). Rattache a Depot 2 (repartition RPBM du 2026-08-05).
J4G;Depot 2;Depot 2/Stock;J4G;Depot 2/Stock/J4G;mapped;3;Source observee sur 3 ligne(s). Rattache a Depot 2 (repartition RPBM du 2026-08-05).
J5A;Depot 2;Depot 2/Stock;J5A;Depot 2/Stock/J5A;mapped;5;Source observee sur 5 ligne(s). Rattache a Depot 2 (repartition RPBM du 2026-08-05).
J5B;Depot 2;Depot 2/Stock;J5B;Depot 2/Stock/J5B;mapped;18;Source observee sur 18 ligne(s). Rattache a Depot 2 (repartition RPBM du 2026-08-05).
J5C;Depot 2;Depot 2/Stock;J5C;Depot 2/Stock/J5C;mapped;5;Source observee sur 5 ligne(s). Rattache a Depot 2 (repartition RPBM du 2026-08-05).
J5D;Depot 2;Depot 2/Stock;J5D;Depot 2/Stock/J5D;mapped;14;Source observee sur 14 ligne(s). Rattache a Depot 2 (repartition RPBM du 2026-08-05).
J5E;Depot 2;Depot 2/Stock;J5E;Depot 2/Stock/J5E;mapped;2;Source observee sur 2 ligne(s). Rattache a Depot 2 (repartition RPBM du 2026-08-05).
J5F;Depot 2;Depot 2/Stock;J5F;Depot 2/Stock/J5F;mapped;4;Source observee sur 4 ligne(s). Rattache a Depot 2 (repartition RPBM du 2026-08-05).
J5G;Depot 2;Depot 2/Stock;J5G;Depot 2/Stock/J5G;mapped;2;Source observee sur 2 ligne(s). Rattache a Depot 2 (repartition RPBM du 2026-08-05).
J5f;Depot 2;Depot 2/Stock;J5F;Depot 2/Stock/J5F;mapped;1;Source observee sur 1 ligne(s). Rattache a Depot 2 (repartition RPBM du 2026-08-05).
J6A;Depot 2;Depot 2/Stock;J6A;Depot 2/Stock/J6A;mapped;3;Source observee sur 3 ligne(s). Rattache a Depot 2 (repartition RPBM du 2026-08-05).
J6B;Depot 2;Depot 2/Stock;J6B;Depot 2/Stock/J6B;mapped;31;Source observee sur 31 ligne(s). Rattache a Depot 2 (repartition RPBM du 2026-08-05).
J6C;Depot 2;Depot 2/Stock;J6C;Depot 2/Stock/J6C;mapped;6;Source observee sur 6 ligne(s). Rattache a Depot 2 (repartition RPBM du 2026-08-05).
J6D;Depot 2;Depot 2/Stock;J6D;Depot 2/Stock/J6D;mapped;10;Source observee sur 10 ligne(s). Rattache a Depot 2 (repartition RPBM du 2026-08-05).
J6E;Depot 2;Depot 2/Stock;J6E;Depot 2/Stock/J6E;mapped;3;Source observee sur 3 ligne(s). Rattache a Depot 2 (repartition RPBM du 2026-08-05).
J6F;Depot 2;Depot 2/Stock;J6F;Depot 2/Stock/J6F;mapped;5;Source observee sur 5 ligne(s). Rattache a Depot 2 (repartition RPBM du 2026-08-05).
J6G;Depot 2;Depot 2/Stock;J6G;Depot 2/Stock/J6G;mapped;2;Source observee sur 2 ligne(s). Rattache a Depot 2 (repartition RPBM du 2026-08-05).
J6J;Depot 2;Depot 2/Stock;J6J;Depot 2/Stock/J6J;mapped;1;Source observee sur 1 ligne(s). Rattache a Depot 2 (repartition RPBM du 2026-08-05).
J7A;Depot 2;Depot 2/Stock;J7A;Depot 2/Stock/J7A;mapped;6;Source observee sur 6 ligne(s). Rattache a Depot 2 (repartition RPBM du 2026-08-05).
J7B;Depot 2;Depot 2/Stock;J7B;Depot 2/Stock/J7B;mapped;9;Source observee sur 9 ligne(s). Rattache a Depot 2 (repartition RPBM du 2026-08-05).
J7C;Depot 2;Depot 2/Stock;J7C;Depot 2/Stock/J7C;mapped;4;Source observee sur 4 ligne(s). Rattache a Depot 2 (repartition RPBM du 2026-08-05).
J7D;Depot 2;Depot 2/Stock;J7D;Depot 2/Stock/J7D;mapped;10;Source observee sur 10 ligne(s). Rattache a Depot 2 (repartition RPBM du 2026-08-05).
J7E;Depot 2;Depot 2/Stock;J7E;Depot 2/Stock/J7E;mapped;5;Source observee sur 5 ligne(s). Rattache a Depot 2 (repartition RPBM du 2026-08-05).
J7F;Depot 2;Depot 2/Stock;J7F;Depot 2/Stock/J7F;mapped;4;Source observee sur 4 ligne(s). Rattache a Depot 2 (repartition RPBM du 2026-08-05).
J7G;Depot 2;Depot 2/Stock;J7G;Depot 2/Stock/J7G;mapped;5;Source observee sur 5 ligne(s). Rattache a Depot 2 (repartition RPBM du 2026-08-05).
J80;Depot 2;Depot 2/Stock;J80;Depot 2/Stock/J80;mapped;1;Source observee sur 1 ligne(s). Rattache a Depot 2 (repartition RPBM du 2026-08-05).
J8A;Depot 2;Depot 2/Stock;J8A;Depot 2/Stock/J8A;mapped;12;Source observee sur 12 ligne(s). Rattache a Depot 2 (repartition RPBM du 2026-08-05).
J8B;Depot 2;Depot 2/Stock;J8B;Depot 2/Stock/J8B;mapped;15;Source observee sur 15 ligne(s). Rattache a Depot 2 (repartition RPBM du 2026-08-05).
J8C;Depot 2;Depot 2/Stock;J8C;Depot 2/Stock/J8C;mapped;11;Source observee sur 11 ligne(s). Rattache a Depot 2 (repartition RPBM du 2026-08-05).
J8D;Depot 2;Depot 2/Stock;J8D;Depot 2/Stock/J8D;mapped;10;Source observee sur 10 ligne(s). Rattache a Depot 2 (repartition RPBM du 2026-08-05).
J8E;Depot 2;Depot 2/Stock;J8E;Depot 2/Stock/J8E;mapped;7;Source observee sur 7 ligne(s). Rattache a Depot 2 (repartition RPBM du 2026-08-05).
J8F;Depot 2;Depot 2/Stock;J8F;Depot 2/Stock/J8F;mapped;6;Source observee sur 6 ligne(s). Rattache a Depot 2 (repartition RPBM du 2026-08-05).
J8G;Depot 2;Depot 2/Stock;J8G;Depot 2/Stock/J8G;mapped;3;Source observee sur 3 ligne(s). Rattache a Depot 2 (repartition RPBM du 2026-08-05).
J9A;Depot 2;Depot 2/Stock;J9A;Depot 2/Stock/J9A;mapped;12;Source observee sur 12 ligne(s). Rattache a Depot 2 (repartition RPBM du 2026-08-05).
J9B;Depot 2;Depot 2/Stock;J9B;Depot 2/Stock/J9B;mapped;18;Source observee sur 18 ligne(s). Rattache a Depot 2 (repartition RPBM du 2026-08-05).
J9C;Depot 2;Depot 2/Stock;J9C;Depot 2/Stock/J9C;mapped;8;Source observee sur 8 ligne(s). Rattache a Depot 2 (repartition RPBM du 2026-08-05).
J9D;Depot 2;Depot 2/Stock;J9D;Depot 2/Stock/J9D;mapped;12;Source observee sur 12 ligne(s). Rattache a Depot 2 (repartition RPBM du 2026-08-05).
J9E;Depot 2;Depot 2/Stock;J9E;Depot 2/Stock/J9E;mapped;5;Source observee sur 5 ligne(s). Rattache a Depot 2 (repartition RPBM du 2026-08-05).
J9F;Depot 2;Depot 2/Stock;J9F;Depot 2/Stock/J9F;mapped;7;Source observee sur 7 ligne(s). Rattache a Depot 2 (repartition RPBM du 2026-08-05).
J9G;Depot 2;Depot 2/Stock;J9G;Depot 2/Stock/J9G;mapped;3;Source observee sur 3 ligne(s). Rattache a Depot 2 (repartition RPBM du 2026-08-05).
J9b;Depot 2;Depot 2/Stock;J9B;Depot 2/Stock/J9B;mapped;1;Source observee sur 1 ligne(s). Rattache a Depot 2 (repartition RPBM du 2026-08-05).
JC10;Depot 2;Depot 2/Stock;JC10;Depot 2/Stock/JC10;mapped;1;Source observee sur 1 ligne(s). Rattache a Depot 2 (repartition RPBM du 2026-08-05).
JD5;Depot 2;Depot 2/Stock;JD5;Depot 2/Stock/JD5;mapped;3;Source observee sur 3 ligne(s). Rattache a Depot 2 (repartition RPBM du 2026-08-05).
JDESSUS;;;;;to_check;14;Source observee sur 14 ligne(s). Valeur heterogene : rattachement a confirmer.
JDessus;;;;;to_check;1;Source observee sur 1 ligne(s). Valeur heterogene : rattachement a confirmer.
JT001;Depot 2;Depot 2/Stock;JT001;Depot 2/Stock/JT001;mapped;10;Source observee sur 10 ligne(s). Rattache a Depot 2 (repartition RPBM du 2026-08-05).
JT002;Depot 2;Depot 2/Stock;JT002;Depot 2/Stock/JT002;mapped;16;Source observee sur 16 ligne(s). Rattache a Depot 2 (repartition RPBM du 2026-08-05).
JT003;Depot 2;Depot 2/Stock;JT003;Depot 2/Stock/JT003;mapped;5;Source observee sur 5 ligne(s). Rattache a Depot 2 (repartition RPBM du 2026-08-05).
JT004;Depot 2;Depot 2/Stock;JT004;Depot 2/Stock/JT004;mapped;17;Source observee sur 17 ligne(s). Rattache a Depot 2 (repartition RPBM du 2026-08-05).
JT005;Depot 2;Depot 2/Stock;JT005;Depot 2/Stock/JT005;mapped;12;Source observee sur 12 ligne(s). Rattache a Depot 2 (repartition RPBM du 2026-08-05).
JT006;Depot 2;Depot 2/Stock;JT006;Depot 2/Stock/JT006;mapped;4;Source observee sur 4 ligne(s). Rattache a Depot 2 (repartition RPBM du 2026-08-05).
JT007;Depot 2;Depot 2/Stock;JT007;Depot 2/Stock/JT007;mapped;9;Source observee sur 9 ligne(s). Rattache a Depot 2 (repartition RPBM du 2026-08-05).
JT008;Depot 2;Depot 2/Stock;JT008;Depot 2/Stock/JT008;mapped;3;Source observee sur 3 ligne(s). Rattache a Depot 2 (repartition RPBM du 2026-08-05).
JT009;Depot 2;Depot 2/Stock;JT009;Depot 2/Stock/JT009;mapped;7;Source observee sur 7 ligne(s). Rattache a Depot 2 (repartition RPBM du 2026-08-05).
JT010;Depot 2;Depot 2/Stock;JT010;Depot 2/Stock/JT010;mapped;3;Source observee sur 3 ligne(s). Rattache a Depot 2 (repartition RPBM du 2026-08-05).
JT012;Depot 2;Depot 2/Stock;JT012;Depot 2/Stock/JT012;mapped;2;Source observee sur 2 ligne(s). Rattache a Depot 2 (repartition RPBM du 2026-08-05).
JT013;Depot 2;Depot 2/Stock;JT013;Depot 2/Stock/JT013;mapped;10;Source observee sur 10 ligne(s). Rattache a Depot 2 (repartition RPBM du 2026-08-05).
JT014;Depot 2;Depot 2/Stock;JT014;Depot 2/Stock/JT014;mapped;6;Source observee sur 6 ligne(s). Rattache a Depot 2 (repartition RPBM du 2026-08-05).
JT016;Depot 2;Depot 2/Stock;JT016;Depot 2/Stock/JT016;mapped;1;Source observee sur 1 ligne(s). Rattache a Depot 2 (repartition RPBM du 2026-08-05).
JT017;Depot 2;Depot 2/Stock;JT017;Depot 2/Stock/JT017;mapped;3;Source observee sur 3 ligne(s). Rattache a Depot 2 (repartition RPBM du 2026-08-05).
JT018;Depot 2;Depot 2/Stock;JT018;Depot 2/Stock/JT018;mapped;5;Source observee sur 5 ligne(s). Rattache a Depot 2 (repartition RPBM du 2026-08-05).
JT019;Depot 2;Depot 2/Stock;JT019;Depot 2/Stock/JT019;mapped;18;Source observee sur 18 ligne(s). Rattache a Depot 2 (repartition RPBM du 2026-08-05).
JT020;Depot 2;Depot 2/Stock;JT020;Depot 2/Stock/JT020;mapped;1;Source observee sur 1 ligne(s). Rattache a Depot 2 (repartition RPBM du 2026-08-05).
JT021;Depot 2;Depot 2/Stock;JT021;Depot 2/Stock/JT021;mapped;1;Source observee sur 1 ligne(s). Rattache a Depot 2 (repartition RPBM du 2026-08-05).
JT022;Depot 2;Depot 2/Stock;JT022;Depot 2/Stock/JT022;mapped;8;Source observee sur 8 ligne(s). Rattache a Depot 2 (repartition RPBM du 2026-08-05).
JT023;Depot 2;Depot 2/Stock;JT023;Depot 2/Stock/JT023;mapped;3;Source observee sur 3 ligne(s). Rattache a Depot 2 (repartition RPBM du 2026-08-05).
JT024;Depot 2;Depot 2/Stock;JT024;Depot 2/Stock/JT024;mapped;4;Source observee sur 4 ligne(s). Rattache a Depot 2 (repartition RPBM du 2026-08-05).
JT025;Depot 2;Depot 2/Stock;JT025;Depot 2/Stock/JT025;mapped;3;Source observee sur 3 ligne(s). Rattache a Depot 2 (repartition RPBM du 2026-08-05).
JT026;Depot 2;Depot 2/Stock;JT026;Depot 2/Stock/JT026;mapped;1;Source observee sur 1 ligne(s). Rattache a Depot 2 (repartition RPBM du 2026-08-05).
JT027;Depot 2;Depot 2/Stock;JT027;Depot 2/Stock/JT027;mapped;5;Source observee sur 5 ligne(s). Rattache a Depot 2 (repartition RPBM du 2026-08-05).
JT029;Depot 2;Depot 2/Stock;JT029;Depot 2/Stock/JT029;mapped;6;Source observee sur 6 ligne(s). Rattache a Depot 2 (repartition RPBM du 2026-08-05).
JT031;Depot 2;Depot 2/Stock;JT031;Depot 2/Stock/JT031;mapped;2;Source observee sur 2 ligne(s). Rattache a Depot 2 (repartition RPBM du 2026-08-05).
JT032;Depot 2;Depot 2/Stock;JT032;Depot 2/Stock/JT032;mapped;5;Source observee sur 5 ligne(s). Rattache a Depot 2 (repartition RPBM du 2026-08-05).
JT033;Depot 2;Depot 2/Stock;JT033;Depot 2/Stock/JT033;mapped;1;Source observee sur 1 ligne(s). Rattache a Depot 2 (repartition RPBM du 2026-08-05).
JT034;Depot 2;Depot 2/Stock;JT034;Depot 2/Stock/JT034;mapped;1;Source observee sur 1 ligne(s). Rattache a Depot 2 (repartition RPBM du 2026-08-05).
JT10C;Depot 2;Depot 2/Stock;JT10C;Depot 2/Stock/JT10C;mapped;1;Source observee sur 1 ligne(s). Rattache a Depot 2 (repartition RPBM du 2026-08-05).
JT7E;Depot 2;Depot 2/Stock;JT7E;Depot 2/Stock/JT7E;mapped;1;Source observee sur 1 ligne(s). Rattache a Depot 2 (repartition RPBM du 2026-08-05).
JT8B;Depot 2;Depot 2/Stock;JT8B;Depot 2/Stock/JT8B;mapped;1;Source observee sur 1 ligne(s). Rattache a Depot 2 (repartition RPBM du 2026-08-05).
JT9C;Depot 2;Depot 2/Stock;JT9C;Depot 2/Stock/JT9C;mapped;1;Source observee sur 1 ligne(s). Rattache a Depot 2 (repartition RPBM du 2026-08-05).
Jdessus;;;;;to_check;3;Source observee sur 3 ligne(s). Valeur heterogene : rattachement a confirmer.
NON;;;;;to_check;3;Source observee sur 3 ligne(s). Valeur heterogene : rattachement a confirmer.
NON LIVRÉ;;;;;to_check;1;Source observee sur 1 ligne(s). Valeur heterogene : rattachement a confirmer.
NON RECUE;;;;;to_check;1;Source observee sur 1 ligne(s). Valeur heterogene : rattachement a confirmer.
NON TROUVE;;;;;to_check;2;Source observee sur 2 ligne(s). Valeur heterogene : rattachement a confirmer.
Non livré;;;;;to_check;1;Source observee sur 1 ligne(s). Valeur heterogene : rattachement a confirmer.
OK;;;;;to_check;3;Source observee sur 3 ligne(s). Valeur heterogene : rattachement a confirmer.
PAS REÇUE;;;;;to_check;1;Source observee sur 1 ligne(s). Valeur heterogene : rattachement a confirmer.
PERDU;;;;;to_check;2;Source observee sur 2 ligne(s). Valeur heterogene : rattachement a confirmer.
PERDU D2;;;;;to_check;1;Source observee sur 1 ligne(s). Valeur heterogene : rattachement a confirmer.
PERDUE;;;;;to_check;35;Source observee sur 35 ligne(s). Valeur heterogene : rattachement a confirmer.
POSÉ;;;;;to_check;11;Source observee sur 11 ligne(s). Valeur heterogene : rattachement a confirmer.
Palette Savon;;;;;to_check;1;Source observee sur 1 ligne(s). Valeur heterogene : rattachement a confirmer.
Picassos;;;;;to_check;1;Source observee sur 1 ligne(s). Valeur heterogene : rattachement a confirmer.
Posé;;;;;to_check;24;Source observee sur 24 ligne(s). Valeur heterogene : rattachement a confirmer.
R101;Depot 1;Depot 1/Stock;R101;Depot 1/Stock/R101;mapped;12;Source observee sur 12 ligne(s). Rattache a Depot 1 (repartition RPBM du 2026-08-05).
R102;Depot 1;Depot 1/Stock;R102;Depot 1/Stock/R102;mapped;15;Source observee sur 15 ligne(s). Rattache a Depot 1 (repartition RPBM du 2026-08-05).
R103;Depot 1;Depot 1/Stock;R103;Depot 1/Stock/R103;mapped;9;Source observee sur 9 ligne(s). Rattache a Depot 1 (repartition RPBM du 2026-08-05).
R104;Depot 1;Depot 1/Stock;R104;Depot 1/Stock/R104;mapped;20;Source observee sur 20 ligne(s). Rattache a Depot 1 (repartition RPBM du 2026-08-05).
R105;Depot 1;Depot 1/Stock;R105;Depot 1/Stock/R105;mapped;8;Source observee sur 8 ligne(s). Rattache a Depot 1 (repartition RPBM du 2026-08-05).
R106;Depot 1;Depot 1/Stock;R106;Depot 1/Stock/R106;mapped;17;Source observee sur 17 ligne(s). Rattache a Depot 1 (repartition RPBM du 2026-08-05).
R107;Depot 1;Depot 1/Stock;R107;Depot 1/Stock/R107;mapped;31;Source observee sur 31 ligne(s). Rattache a Depot 1 (repartition RPBM du 2026-08-05).
R108;Depot 1;Depot 1/Stock;R108;Depot 1/Stock/R108;mapped;13;Source observee sur 13 ligne(s). Rattache a Depot 1 (repartition RPBM du 2026-08-05).
R108 - R109;;;;;to_check;3;Source observee sur 3 ligne(s). Valeur heterogene : rattachement a confirmer.
R109;Depot 1;Depot 1/Stock;R109;Depot 1/Stock/R109;mapped;22;Source observee sur 22 ligne(s). Rattache a Depot 1 (repartition RPBM du 2026-08-05).
R110;Depot 1;Depot 1/Stock;R110;Depot 1/Stock/R110;mapped;19;Source observee sur 19 ligne(s). Rattache a Depot 1 (repartition RPBM du 2026-08-05).
R110 - R111;;;;;to_check;4;Source observee sur 4 ligne(s). Valeur heterogene : rattachement a confirmer.
R111;Depot 1;Depot 1/Stock;R111;Depot 1/Stock/R111;mapped;16;Source observee sur 16 ligne(s). Rattache a Depot 1 (repartition RPBM du 2026-08-05).
R112;Depot 1;Depot 1/Stock;R112;Depot 1/Stock/R112;mapped;25;Source observee sur 25 ligne(s). Rattache a Depot 1 (repartition RPBM du 2026-08-05).
R113;Depot 1;Depot 1/Stock;R113;Depot 1/Stock/R113;mapped;12;Source observee sur 12 ligne(s). Rattache a Depot 1 (repartition RPBM du 2026-08-05).
R113 - R114;;;;;to_check;1;Source observee sur 1 ligne(s). Valeur heterogene : rattachement a confirmer.
R114;Depot 1;Depot 1/Stock;R114;Depot 1/Stock/R114;mapped;23;Source observee sur 23 ligne(s). Rattache a Depot 1 (repartition RPBM du 2026-08-05).
R115;Depot 1;Depot 1/Stock;R115;Depot 1/Stock/R115;mapped;22;Source observee sur 22 ligne(s). Rattache a Depot 1 (repartition RPBM du 2026-08-05).
R116;Depot 1;Depot 1/Stock;R116;Depot 1/Stock/R116;mapped;14;Source observee sur 14 ligne(s). Rattache a Depot 1 (repartition RPBM du 2026-08-05).
R117;Depot 1;Depot 1/Stock;R117;Depot 1/Stock/R117;mapped;17;Source observee sur 17 ligne(s). Rattache a Depot 1 (repartition RPBM du 2026-08-05).
R117 - R118;;;;;to_check;3;Source observee sur 3 ligne(s). Valeur heterogene : rattachement a confirmer.
R118;Depot 1;Depot 1/Stock;R118;Depot 1/Stock/R118;mapped;19;Source observee sur 19 ligne(s). Rattache a Depot 1 (repartition RPBM du 2026-08-05).
R119;Depot 1;Depot 1/Stock;R119;Depot 1/Stock/R119;mapped;8;Source observee sur 8 ligne(s). Rattache a Depot 1 (repartition RPBM du 2026-08-05).
R120;Depot 1;Depot 1/Stock;R120;Depot 1/Stock/R120;mapped;6;Source observee sur 6 ligne(s). Rattache a Depot 1 (repartition RPBM du 2026-08-05).
R121;Depot 1;Depot 1/Stock;R121;Depot 1/Stock/R121;mapped;14;Source observee sur 14 ligne(s). Rattache a Depot 1 (repartition RPBM du 2026-08-05).
R122;Depot 1;Depot 1/Stock;R122;Depot 1/Stock/R122;mapped;9;Source observee sur 9 ligne(s). Rattache a Depot 1 (repartition RPBM du 2026-08-05).
R123;Depot 1;Depot 1/Stock;R123;Depot 1/Stock/R123;mapped;14;Source observee sur 14 ligne(s). Rattache a Depot 1 (repartition RPBM du 2026-08-05).
R124;Depot 1;Depot 1/Stock;R124;Depot 1/Stock/R124;mapped;5;Source observee sur 5 ligne(s). Rattache a Depot 1 (repartition RPBM du 2026-08-05).
R124 - R117;;;;;to_check;1;Source observee sur 1 ligne(s). Valeur heterogene : rattachement a confirmer.
R125;Depot 1;Depot 1/Stock;R125;Depot 1/Stock/R125;mapped;7;Source observee sur 7 ligne(s). Rattache a Depot 1 (repartition RPBM du 2026-08-05).
R126;Depot 1;Depot 1/Stock;R126;Depot 1/Stock/R126;mapped;13;Source observee sur 13 ligne(s). Rattache a Depot 1 (repartition RPBM du 2026-08-05).
R127;Depot 1;Depot 1/Stock;R127;Depot 1/Stock/R127;mapped;11;Source observee sur 11 ligne(s). Rattache a Depot 1 (repartition RPBM du 2026-08-05).
R128;Depot 1;Depot 1/Stock;R128;Depot 1/Stock/R128;mapped;12;Source observee sur 12 ligne(s). Rattache a Depot 1 (repartition RPBM du 2026-08-05).
R129;Depot 1;Depot 1/Stock;R129;Depot 1/Stock/R129;mapped;8;Source observee sur 8 ligne(s). Rattache a Depot 1 (repartition RPBM du 2026-08-05).
R129 - R131;;;;;to_check;3;Source observee sur 3 ligne(s). Valeur heterogene : rattachement a confirmer.
R130;Depot 1;Depot 1/Stock;R130;Depot 1/Stock/R130;mapped;12;Source observee sur 12 ligne(s). Rattache a Depot 1 (repartition RPBM du 2026-08-05).
R131;Depot 1;Depot 1/Stock;R131;Depot 1/Stock/R131;mapped;15;Source observee sur 15 ligne(s). Rattache a Depot 1 (repartition RPBM du 2026-08-05).
R132;Depot 1;Depot 1/Stock;R132;Depot 1/Stock/R132;mapped;14;Source observee sur 14 ligne(s). Rattache a Depot 1 (repartition RPBM du 2026-08-05).
R133;Depot 1;Depot 1/Stock;R133;Depot 1/Stock/R133;mapped;13;Source observee sur 13 ligne(s). Rattache a Depot 1 (repartition RPBM du 2026-08-05).
R134;Depot 1;Depot 1/Stock;R134;Depot 1/Stock/R134;mapped;18;Source observee sur 18 ligne(s). Rattache a Depot 1 (repartition RPBM du 2026-08-05).
R134 - R135;;;;;to_check;2;Source observee sur 2 ligne(s). Valeur heterogene : rattachement a confirmer.
R135;Depot 1;Depot 1/Stock;R135;Depot 1/Stock/R135;mapped;20;Source observee sur 20 ligne(s). Rattache a Depot 1 (repartition RPBM du 2026-08-05).
R136;Depot 1;Depot 1/Stock;R136;Depot 1/Stock/R136;mapped;18;Source observee sur 18 ligne(s). Rattache a Depot 1 (repartition RPBM du 2026-08-05).
R201;Depot 1;Depot 1/Stock;R201;Depot 1/Stock/R201;mapped;17;Source observee sur 17 ligne(s). Rattache a Depot 1 (repartition RPBM du 2026-08-05).
R202;Depot 1;Depot 1/Stock;R202;Depot 1/Stock/R202;mapped;21;Source observee sur 21 ligne(s). Rattache a Depot 1 (repartition RPBM du 2026-08-05).
R203;Depot 1;Depot 1/Stock;R203;Depot 1/Stock/R203;mapped;2;Source observee sur 2 ligne(s). Rattache a Depot 1 (repartition RPBM du 2026-08-05).
R204;Depot 1;Depot 1/Stock;R204;Depot 1/Stock/R204;mapped;20;Source observee sur 20 ligne(s). Rattache a Depot 1 (repartition RPBM du 2026-08-05).
R205;Depot 1;Depot 1/Stock;R205;Depot 1/Stock/R205;mapped;12;Source observee sur 12 ligne(s). Rattache a Depot 1 (repartition RPBM du 2026-08-05).
R205 - R206;;;;;to_check;1;Source observee sur 1 ligne(s). Valeur heterogene : rattachement a confirmer.
R206;Depot 1;Depot 1/Stock;R206;Depot 1/Stock/R206;mapped;29;Source observee sur 29 ligne(s). Rattache a Depot 1 (repartition RPBM du 2026-08-05).
R207;Depot 1;Depot 1/Stock;R207;Depot 1/Stock/R207;mapped;11;Source observee sur 11 ligne(s). Rattache a Depot 1 (repartition RPBM du 2026-08-05).
R208;Depot 1;Depot 1/Stock;R208;Depot 1/Stock/R208;mapped;22;Source observee sur 22 ligne(s). Rattache a Depot 1 (repartition RPBM du 2026-08-05).
R209;Depot 1;Depot 1/Stock;R209;Depot 1/Stock/R209;mapped;11;Source observee sur 11 ligne(s). Rattache a Depot 1 (repartition RPBM du 2026-08-05).
R210;Depot 1;Depot 1/Stock;R210;Depot 1/Stock/R210;mapped;20;Source observee sur 20 ligne(s). Rattache a Depot 1 (repartition RPBM du 2026-08-05).
R211;Depot 1;Depot 1/Stock;R211;Depot 1/Stock/R211;mapped;17;Source observee sur 17 ligne(s). Rattache a Depot 1 (repartition RPBM du 2026-08-05).
R212;Depot 1;Depot 1/Stock;R212;Depot 1/Stock/R212;mapped;19;Source observee sur 19 ligne(s). Rattache a Depot 1 (repartition RPBM du 2026-08-05).
R213;Depot 1;Depot 1/Stock;R213;Depot 1/Stock/R213;mapped;17;Source observee sur 17 ligne(s). Rattache a Depot 1 (repartition RPBM du 2026-08-05).
R213 - R214;;;;;to_check;3;Source observee sur 3 ligne(s). Valeur heterogene : rattachement a confirmer.
R214;Depot 1;Depot 1/Stock;R214;Depot 1/Stock/R214;mapped;24;Source observee sur 24 ligne(s). Rattache a Depot 1 (repartition RPBM du 2026-08-05).
R215;Depot 1;Depot 1/Stock;R215;Depot 1/Stock/R215;mapped;15;Source observee sur 15 ligne(s). Rattache a Depot 1 (repartition RPBM du 2026-08-05).
R216;Depot 1;Depot 1/Stock;R216;Depot 1/Stock/R216;mapped;13;Source observee sur 13 ligne(s). Rattache a Depot 1 (repartition RPBM du 2026-08-05).
R217;Depot 1;Depot 1/Stock;R217;Depot 1/Stock/R217;mapped;27;Source observee sur 27 ligne(s). Rattache a Depot 1 (repartition RPBM du 2026-08-05).
R218;Depot 1;Depot 1/Stock;R218;Depot 1/Stock/R218;mapped;11;Source observee sur 11 ligne(s). Rattache a Depot 1 (repartition RPBM du 2026-08-05).
R219;Depot 1;Depot 1/Stock;R219;Depot 1/Stock/R219;mapped;6;Source observee sur 6 ligne(s). Rattache a Depot 1 (repartition RPBM du 2026-08-05).
R220;Depot 1;Depot 1/Stock;R220;Depot 1/Stock/R220;mapped;20;Source observee sur 20 ligne(s). Rattache a Depot 1 (repartition RPBM du 2026-08-05).
R221;Depot 1;Depot 1/Stock;R221;Depot 1/Stock/R221;mapped;18;Source observee sur 18 ligne(s). Rattache a Depot 1 (repartition RPBM du 2026-08-05).
R222;Depot 1;Depot 1/Stock;R222;Depot 1/Stock/R222;mapped;46;Source observee sur 46 ligne(s). Rattache a Depot 1 (repartition RPBM du 2026-08-05).
R222 - R223;;;;;to_check;1;Source observee sur 1 ligne(s). Valeur heterogene : rattachement a confirmer.
R223;Depot 1;Depot 1/Stock;R223;Depot 1/Stock/R223;mapped;9;Source observee sur 9 ligne(s). Rattache a Depot 1 (repartition RPBM du 2026-08-05).
R224;Depot 1;Depot 1/Stock;R224;Depot 1/Stock/R224;mapped;33;Source observee sur 33 ligne(s). Rattache a Depot 1 (repartition RPBM du 2026-08-05).
R225;Depot 1;Depot 1/Stock;R225;Depot 1/Stock/R225;mapped;18;Source observee sur 18 ligne(s). Rattache a Depot 1 (repartition RPBM du 2026-08-05).
R226;Depot 1;Depot 1/Stock;R226;Depot 1/Stock/R226;mapped;22;Source observee sur 22 ligne(s). Rattache a Depot 1 (repartition RPBM du 2026-08-05).
R227;Depot 1;Depot 1/Stock;R227;Depot 1/Stock/R227;mapped;21;Source observee sur 21 ligne(s). Rattache a Depot 1 (repartition RPBM du 2026-08-05).
R228;Depot 1;Depot 1/Stock;R228;Depot 1/Stock/R228;mapped;12;Source observee sur 12 ligne(s). Rattache a Depot 1 (repartition RPBM du 2026-08-05).
R229;Depot 1;Depot 1/Stock;R229;Depot 1/Stock/R229;mapped;25;Source observee sur 25 ligne(s). Rattache a Depot 1 (repartition RPBM du 2026-08-05).
R230;Depot 1;Depot 1/Stock;R230;Depot 1/Stock/R230;mapped;15;Source observee sur 15 ligne(s). Rattache a Depot 1 (repartition RPBM du 2026-08-05).
R231;Depot 1;Depot 1/Stock;R231;Depot 1/Stock/R231;mapped;17;Source observee sur 17 ligne(s). Rattache a Depot 1 (repartition RPBM du 2026-08-05).
R232;Depot 1;Depot 1/Stock;R232;Depot 1/Stock/R232;mapped;10;Source observee sur 10 ligne(s). Rattache a Depot 1 (repartition RPBM du 2026-08-05).
R233;Depot 1;Depot 1/Stock;R233;Depot 1/Stock/R233;mapped;19;Source observee sur 19 ligne(s). Rattache a Depot 1 (repartition RPBM du 2026-08-05).
R234;Depot 1;Depot 1/Stock;R234;Depot 1/Stock/R234;mapped;42;Source observee sur 42 ligne(s). Rattache a Depot 1 (repartition RPBM du 2026-08-05).
R235;Depot 1;Depot 1/Stock;R235;Depot 1/Stock/R235;mapped;13;Source observee sur 13 ligne(s). Rattache a Depot 1 (repartition RPBM du 2026-08-05).
R236;Depot 1;Depot 1/Stock;R236;Depot 1/Stock/R236;mapped;5;Source observee sur 5 ligne(s). Rattache a Depot 1 (repartition RPBM du 2026-08-05).
R301;Depot 1;Depot 1/Stock;R301;Depot 1/Stock/R301;mapped;39;Source observee sur 39 ligne(s). Rattache a Depot 1 (repartition RPBM du 2026-08-05).
R302;Depot 1;Depot 1/Stock;R302;Depot 1/Stock/R302;mapped;21;Source observee sur 21 ligne(s). Rattache a Depot 1 (repartition RPBM du 2026-08-05).
R303;Depot 1;Depot 1/Stock;R303;Depot 1/Stock/R303;mapped;14;Source observee sur 14 ligne(s). Rattache a Depot 1 (repartition RPBM du 2026-08-05).
R303 / R324;;;;;to_check;1;Source observee sur 1 ligne(s). Valeur heterogene : rattachement a confirmer.
R304;Depot 1;Depot 1/Stock;R304;Depot 1/Stock/R304;mapped;11;Source observee sur 11 ligne(s). Rattache a Depot 1 (repartition RPBM du 2026-08-05).
R305;Depot 1;Depot 1/Stock;R305;Depot 1/Stock/R305;mapped;24;Source observee sur 24 ligne(s). Rattache a Depot 1 (repartition RPBM du 2026-08-05).
R306;Depot 1;Depot 1/Stock;R306;Depot 1/Stock/R306;mapped;6;Source observee sur 6 ligne(s). Rattache a Depot 1 (repartition RPBM du 2026-08-05).
R307;Depot 1;Depot 1/Stock;R307;Depot 1/Stock/R307;mapped;19;Source observee sur 19 ligne(s). Rattache a Depot 1 (repartition RPBM du 2026-08-05).
R308;Depot 1;Depot 1/Stock;R308;Depot 1/Stock/R308;mapped;20;Source observee sur 20 ligne(s). Rattache a Depot 1 (repartition RPBM du 2026-08-05).
R309;Depot 1;Depot 1/Stock;R309;Depot 1/Stock/R309;mapped;12;Source observee sur 12 ligne(s). Rattache a Depot 1 (repartition RPBM du 2026-08-05).
R310;Depot 1;Depot 1/Stock;R310;Depot 1/Stock/R310;mapped;28;Source observee sur 28 ligne(s). Rattache a Depot 1 (repartition RPBM du 2026-08-05).
R311;Depot 1;Depot 1/Stock;R311;Depot 1/Stock/R311;mapped;32;Source observee sur 32 ligne(s). Rattache a Depot 1 (repartition RPBM du 2026-08-05).
R312;Depot 1;Depot 1/Stock;R312;Depot 1/Stock/R312;mapped;21;Source observee sur 21 ligne(s). Rattache a Depot 1 (repartition RPBM du 2026-08-05).
R313;Depot 1;Depot 1/Stock;R313;Depot 1/Stock/R313;mapped;23;Source observee sur 23 ligne(s). Rattache a Depot 1 (repartition RPBM du 2026-08-05).
R314;Depot 1;Depot 1/Stock;R314;Depot 1/Stock/R314;mapped;19;Source observee sur 19 ligne(s). Rattache a Depot 1 (repartition RPBM du 2026-08-05).
R315;Depot 1;Depot 1/Stock;R315;Depot 1/Stock/R315;mapped;18;Source observee sur 18 ligne(s). Rattache a Depot 1 (repartition RPBM du 2026-08-05).
R316;Depot 1;Depot 1/Stock;R316;Depot 1/Stock/R316;mapped;20;Source observee sur 20 ligne(s). Rattache a Depot 1 (repartition RPBM du 2026-08-05).
R317;Depot 1;Depot 1/Stock;R317;Depot 1/Stock/R317;mapped;20;Source observee sur 20 ligne(s). Rattache a Depot 1 (repartition RPBM du 2026-08-05).
R317 ?;Depot 1;Depot 1/Stock;R317;Depot 1/Stock/R317;mapped;1;Source observee sur 1 ligne(s). Rattache a Depot 1 (repartition RPBM du 2026-08-05).
R318;Depot 1;Depot 1/Stock;R318;Depot 1/Stock/R318;mapped;30;Source observee sur 30 ligne(s). Rattache a Depot 1 (repartition RPBM du 2026-08-05).
R319;Depot 1;Depot 1/Stock;R319;Depot 1/Stock/R319;mapped;14;Source observee sur 14 ligne(s). Rattache a Depot 1 (repartition RPBM du 2026-08-05).
R320;Depot 1;Depot 1/Stock;R320;Depot 1/Stock/R320;mapped;15;Source observee sur 15 ligne(s). Rattache a Depot 1 (repartition RPBM du 2026-08-05).
R321;Depot 1;Depot 1/Stock;R321;Depot 1/Stock/R321;mapped;20;Source observee sur 20 ligne(s). Rattache a Depot 1 (repartition RPBM du 2026-08-05).
R322;Depot 1;Depot 1/Stock;R322;Depot 1/Stock/R322;mapped;19;Source observee sur 19 ligne(s). Rattache a Depot 1 (repartition RPBM du 2026-08-05).
R323;Depot 1;Depot 1/Stock;R323;Depot 1/Stock/R323;mapped;31;Source observee sur 31 ligne(s). Rattache a Depot 1 (repartition RPBM du 2026-08-05).
R324;Depot 1;Depot 1/Stock;R324;Depot 1/Stock/R324;mapped;42;Source observee sur 42 ligne(s). Rattache a Depot 1 (repartition RPBM du 2026-08-05).
R325;Depot 1;Depot 1/Stock;R325;Depot 1/Stock/R325;mapped;13;Source observee sur 13 ligne(s). Rattache a Depot 1 (repartition RPBM du 2026-08-05).
R326;Depot 1;Depot 1/Stock;R326;Depot 1/Stock/R326;mapped;12;Source observee sur 12 ligne(s). Rattache a Depot 1 (repartition RPBM du 2026-08-05).
R327;Depot 1;Depot 1/Stock;R327;Depot 1/Stock/R327;mapped;14;Source observee sur 14 ligne(s). Rattache a Depot 1 (repartition RPBM du 2026-08-05).
R328;Depot 1;Depot 1/Stock;R328;Depot 1/Stock/R328;mapped;22;Source observee sur 22 ligne(s). Rattache a Depot 1 (repartition RPBM du 2026-08-05).
R329;Depot 1;Depot 1/Stock;R329;Depot 1/Stock/R329;mapped;26;Source observee sur 26 ligne(s). Rattache a Depot 1 (repartition RPBM du 2026-08-05).
R330;Depot 1;Depot 1/Stock;R330;Depot 1/Stock/R330;mapped;19;Source observee sur 19 ligne(s). Rattache a Depot 1 (repartition RPBM du 2026-08-05).
R331;Depot 1;Depot 1/Stock;R331;Depot 1/Stock/R331;mapped;26;Source observee sur 26 ligne(s). Rattache a Depot 1 (repartition RPBM du 2026-08-05).
R332;Depot 1;Depot 1/Stock;R332;Depot 1/Stock/R332;mapped;25;Source observee sur 25 ligne(s). Rattache a Depot 1 (repartition RPBM du 2026-08-05).
R333;Depot 1;Depot 1/Stock;R333;Depot 1/Stock/R333;mapped;20;Source observee sur 20 ligne(s). Rattache a Depot 1 (repartition RPBM du 2026-08-05).
R334;Depot 1;Depot 1/Stock;R334;Depot 1/Stock/R334;mapped;24;Source observee sur 24 ligne(s). Rattache a Depot 1 (repartition RPBM du 2026-08-05).
R335;Depot 1;Depot 1/Stock;R335;Depot 1/Stock/R335;mapped;20;Source observee sur 20 ligne(s). Rattache a Depot 1 (repartition RPBM du 2026-08-05).
R336;Depot 1;Depot 1/Stock;R336;Depot 1/Stock/R336;mapped;9;Source observee sur 9 ligne(s). Rattache a Depot 1 (repartition RPBM du 2026-08-05).
R35;;;;;to_check;1;Source observee sur 1 ligne(s). Valeur heterogene : rattachement a confirmer.
R401;Depot 2;Depot 2/Stock;R401;Depot 2/Stock/R401;mapped;17;Source observee sur 17 ligne(s). Rattache a Depot 2 (repartition RPBM du 2026-08-05).
R402;Depot 2;Depot 2/Stock;R402;Depot 2/Stock/R402;mapped;25;Source observee sur 25 ligne(s). Rattache a Depot 2 (repartition RPBM du 2026-08-05).
R403;Depot 2;Depot 2/Stock;R403;Depot 2/Stock/R403;mapped;17;Source observee sur 17 ligne(s). Rattache a Depot 2 (repartition RPBM du 2026-08-05).
R404;Depot 2;Depot 2/Stock;R404;Depot 2/Stock/R404;mapped;4;Source observee sur 4 ligne(s). Rattache a Depot 2 (repartition RPBM du 2026-08-05).
R405;Depot 2;Depot 2/Stock;R405;Depot 2/Stock/R405;mapped;36;Source observee sur 36 ligne(s). Rattache a Depot 2 (repartition RPBM du 2026-08-05).
R406;Depot 2;Depot 2/Stock;R406;Depot 2/Stock/R406;mapped;26;Source observee sur 26 ligne(s). Rattache a Depot 2 (repartition RPBM du 2026-08-05).
R407;Depot 2;Depot 2/Stock;R407;Depot 2/Stock/R407;mapped;30;Source observee sur 30 ligne(s). Rattache a Depot 2 (repartition RPBM du 2026-08-05).
R408;Depot 2;Depot 2/Stock;R408;Depot 2/Stock/R408;mapped;35;Source observee sur 35 ligne(s). Rattache a Depot 2 (repartition RPBM du 2026-08-05).
R409;Depot 2;Depot 2/Stock;R409;Depot 2/Stock/R409;mapped;16;Source observee sur 16 ligne(s). Rattache a Depot 2 (repartition RPBM du 2026-08-05).
R410;Depot 2;Depot 2/Stock;R410;Depot 2/Stock/R410;mapped;23;Source observee sur 23 ligne(s). Rattache a Depot 2 (repartition RPBM du 2026-08-05).
R411;Depot 2;Depot 2/Stock;R411;Depot 2/Stock/R411;mapped;24;Source observee sur 24 ligne(s). Rattache a Depot 2 (repartition RPBM du 2026-08-05).
R412;Depot 2;Depot 2/Stock;R412;Depot 2/Stock/R412;mapped;26;Source observee sur 26 ligne(s). Rattache a Depot 2 (repartition RPBM du 2026-08-05).
R413;Depot 2;Depot 2/Stock;R413;Depot 2/Stock/R413;mapped;23;Source observee sur 23 ligne(s). Rattache a Depot 2 (repartition RPBM du 2026-08-05).
R414;Depot 2;Depot 2/Stock;R414;Depot 2/Stock/R414;mapped;30;Source observee sur 30 ligne(s). Rattache a Depot 2 (repartition RPBM du 2026-08-05).
R415;Depot 2;Depot 2/Stock;R415;Depot 2/Stock/R415;mapped;26;Source observee sur 26 ligne(s). Rattache a Depot 2 (repartition RPBM du 2026-08-05).
R416;Depot 2;Depot 2/Stock;R416;Depot 2/Stock/R416;mapped;20;Source observee sur 20 ligne(s). Rattache a Depot 2 (repartition RPBM du 2026-08-05).
R417;Depot 2;Depot 2/Stock;R417;Depot 2/Stock/R417;mapped;34;Source observee sur 34 ligne(s). Rattache a Depot 2 (repartition RPBM du 2026-08-05).
R418;Depot 2;Depot 2/Stock;R418;Depot 2/Stock/R418;mapped;5;Source observee sur 5 ligne(s). Rattache a Depot 2 (repartition RPBM du 2026-08-05).
R419;Depot 2;Depot 2/Stock;R419;Depot 2/Stock/R419;mapped;16;Source observee sur 16 ligne(s). Rattache a Depot 2 (repartition RPBM du 2026-08-05).
R420;Depot 2;Depot 2/Stock;R420;Depot 2/Stock/R420;mapped;30;Source observee sur 30 ligne(s). Rattache a Depot 2 (repartition RPBM du 2026-08-05).
R421;Depot 2;Depot 2/Stock;R421;Depot 2/Stock/R421;mapped;26;Source observee sur 26 ligne(s). Rattache a Depot 2 (repartition RPBM du 2026-08-05).
R422;Depot 2;Depot 2/Stock;R422;Depot 2/Stock/R422;mapped;27;Source observee sur 27 ligne(s). Rattache a Depot 2 (repartition RPBM du 2026-08-05).
R423;Depot 2;Depot 2/Stock;R423;Depot 2/Stock/R423;mapped;26;Source observee sur 26 ligne(s). Rattache a Depot 2 (repartition RPBM du 2026-08-05).
R424;Depot 2;Depot 2/Stock;R424;Depot 2/Stock/R424;mapped;21;Source observee sur 21 ligne(s). Rattache a Depot 2 (repartition RPBM du 2026-08-05).
R425;Depot 2;Depot 2/Stock;R425;Depot 2/Stock/R425;mapped;25;Source observee sur 25 ligne(s). Rattache a Depot 2 (repartition RPBM du 2026-08-05).
R426;Depot 2;Depot 2/Stock;R426;Depot 2/Stock/R426;mapped;32;Source observee sur 32 ligne(s). Rattache a Depot 2 (repartition RPBM du 2026-08-05).
R427;Depot 2;Depot 2/Stock;R427;Depot 2/Stock/R427;mapped;38;Source observee sur 38 ligne(s). Rattache a Depot 2 (repartition RPBM du 2026-08-05).
R428;Depot 2;Depot 2/Stock;R428;Depot 2/Stock/R428;mapped;27;Source observee sur 27 ligne(s). Rattache a Depot 2 (repartition RPBM du 2026-08-05).
R429;Depot 2;Depot 2/Stock;R429;Depot 2/Stock/R429;mapped;47;Source observee sur 47 ligne(s). Rattache a Depot 2 (repartition RPBM du 2026-08-05).
R430;Depot 2;Depot 2/Stock;R430;Depot 2/Stock/R430;mapped;25;Source observee sur 25 ligne(s). Rattache a Depot 2 (repartition RPBM du 2026-08-05).
R431;Depot 2;Depot 2/Stock;R431;Depot 2/Stock/R431;mapped;14;Source observee sur 14 ligne(s). Rattache a Depot 2 (repartition RPBM du 2026-08-05).
R432;Depot 2;Depot 2/Stock;R432;Depot 2/Stock/R432;mapped;27;Source observee sur 27 ligne(s). Rattache a Depot 2 (repartition RPBM du 2026-08-05).
R433;Depot 2;Depot 2/Stock;R433;Depot 2/Stock/R433;mapped;28;Source observee sur 28 ligne(s). Rattache a Depot 2 (repartition RPBM du 2026-08-05).
R434;Depot 2;Depot 2/Stock;R434;Depot 2/Stock/R434;mapped;42;Source observee sur 42 ligne(s). Rattache a Depot 2 (repartition RPBM du 2026-08-05).
R435;Depot 2;Depot 2/Stock;R435;Depot 2/Stock/R435;mapped;38;Source observee sur 38 ligne(s). Rattache a Depot 2 (repartition RPBM du 2026-08-05).
R436;Depot 2;Depot 2/Stock;R436;Depot 2/Stock/R436;mapped;8;Source observee sur 8 ligne(s). Rattache a Depot 2 (repartition RPBM du 2026-08-05).
R501;Depot 2;Depot 2/Stock;R501;Depot 2/Stock/R501;mapped;25;Source observee sur 25 ligne(s). Rattache a Depot 2 (repartition RPBM du 2026-08-05).
R502;Depot 2;Depot 2/Stock;R502;Depot 2/Stock/R502;mapped;27;Source observee sur 27 ligne(s). Rattache a Depot 2 (repartition RPBM du 2026-08-05).
R503;Depot 2;Depot 2/Stock;R503;Depot 2/Stock/R503;mapped;30;Source observee sur 30 ligne(s). Rattache a Depot 2 (repartition RPBM du 2026-08-05).
R504;Depot 2;Depot 2/Stock;R504;Depot 2/Stock/R504;mapped;17;Source observee sur 17 ligne(s). Rattache a Depot 2 (repartition RPBM du 2026-08-05).
R505;Depot 2;Depot 2/Stock;R505;Depot 2/Stock/R505;mapped;25;Source observee sur 25 ligne(s). Rattache a Depot 2 (repartition RPBM du 2026-08-05).
R506;Depot 2;Depot 2/Stock;R506;Depot 2/Stock/R506;mapped;22;Source observee sur 22 ligne(s). Rattache a Depot 2 (repartition RPBM du 2026-08-05).
R507;Depot 2;Depot 2/Stock;R507;Depot 2/Stock/R507;mapped;30;Source observee sur 30 ligne(s). Rattache a Depot 2 (repartition RPBM du 2026-08-05).
R508;Depot 2;Depot 2/Stock;R508;Depot 2/Stock/R508;mapped;10;Source observee sur 10 ligne(s). Rattache a Depot 2 (repartition RPBM du 2026-08-05).
R509;Depot 2;Depot 2/Stock;R509;Depot 2/Stock/R509;mapped;16;Source observee sur 16 ligne(s). Rattache a Depot 2 (repartition RPBM du 2026-08-05).
R510;Depot 2;Depot 2/Stock;R510;Depot 2/Stock/R510;mapped;27;Source observee sur 27 ligne(s). Rattache a Depot 2 (repartition RPBM du 2026-08-05).
R511;Depot 2;Depot 2/Stock;R511;Depot 2/Stock/R511;mapped;28;Source observee sur 28 ligne(s). Rattache a Depot 2 (repartition RPBM du 2026-08-05).
R512;Depot 2;Depot 2/Stock;R512;Depot 2/Stock/R512;mapped;15;Source observee sur 15 ligne(s). Rattache a Depot 2 (repartition RPBM du 2026-08-05).
R513;Depot 2;Depot 2/Stock;R513;Depot 2/Stock/R513;mapped;24;Source observee sur 24 ligne(s). Rattache a Depot 2 (repartition RPBM du 2026-08-05).
R514;Depot 2;Depot 2/Stock;R514;Depot 2/Stock/R514;mapped;24;Source observee sur 24 ligne(s). Rattache a Depot 2 (repartition RPBM du 2026-08-05).
R515;Depot 2;Depot 2/Stock;R515;Depot 2/Stock/R515;mapped;14;Source observee sur 14 ligne(s). Rattache a Depot 2 (repartition RPBM du 2026-08-05).
R516;Depot 2;Depot 2/Stock;R516;Depot 2/Stock/R516;mapped;18;Source observee sur 18 ligne(s). Rattache a Depot 2 (repartition RPBM du 2026-08-05).
R517;Depot 2;Depot 2/Stock;R517;Depot 2/Stock/R517;mapped;21;Source observee sur 21 ligne(s). Rattache a Depot 2 (repartition RPBM du 2026-08-05).
R518;Depot 2;Depot 2/Stock;R518;Depot 2/Stock/R518;mapped;15;Source observee sur 15 ligne(s). Rattache a Depot 2 (repartition RPBM du 2026-08-05).
R519;Depot 2;Depot 2/Stock;R519;Depot 2/Stock/R519;mapped;24;Source observee sur 24 ligne(s). Rattache a Depot 2 (repartition RPBM du 2026-08-05).
R520;Depot 2;Depot 2/Stock;R520;Depot 2/Stock/R520;mapped;39;Source observee sur 39 ligne(s). Rattache a Depot 2 (repartition RPBM du 2026-08-05).
R521;Depot 2;Depot 2/Stock;R521;Depot 2/Stock/R521;mapped;11;Source observee sur 11 ligne(s). Rattache a Depot 2 (repartition RPBM du 2026-08-05).
R522;Depot 2;Depot 2/Stock;R522;Depot 2/Stock/R522;mapped;23;Source observee sur 23 ligne(s). Rattache a Depot 2 (repartition RPBM du 2026-08-05).
R523;Depot 2;Depot 2/Stock;R523;Depot 2/Stock/R523;mapped;34;Source observee sur 34 ligne(s). Rattache a Depot 2 (repartition RPBM du 2026-08-05).
R524;Depot 2;Depot 2/Stock;R524;Depot 2/Stock/R524;mapped;8;Source observee sur 8 ligne(s). Rattache a Depot 2 (repartition RPBM du 2026-08-05).
R525;Depot 2;Depot 2/Stock;R525;Depot 2/Stock/R525;mapped;17;Source observee sur 17 ligne(s). Rattache a Depot 2 (repartition RPBM du 2026-08-05).
R526;Depot 2;Depot 2/Stock;R526;Depot 2/Stock/R526;mapped;31;Source observee sur 31 ligne(s). Rattache a Depot 2 (repartition RPBM du 2026-08-05).
R527;Depot 2;Depot 2/Stock;R527;Depot 2/Stock/R527;mapped;10;Source observee sur 10 ligne(s). Rattache a Depot 2 (repartition RPBM du 2026-08-05).
R528;Depot 2;Depot 2/Stock;R528;Depot 2/Stock/R528;mapped;24;Source observee sur 24 ligne(s). Rattache a Depot 2 (repartition RPBM du 2026-08-05).
R529;Depot 2;Depot 2/Stock;R529;Depot 2/Stock/R529;mapped;31;Source observee sur 31 ligne(s). Rattache a Depot 2 (repartition RPBM du 2026-08-05).
R530;Depot 2;Depot 2/Stock;R530;Depot 2/Stock/R530;mapped;20;Source observee sur 20 ligne(s). Rattache a Depot 2 (repartition RPBM du 2026-08-05).
R531;Depot 2;Depot 2/Stock;R531;Depot 2/Stock/R531;mapped;13;Source observee sur 13 ligne(s). Rattache a Depot 2 (repartition RPBM du 2026-08-05).
R532;Depot 2;Depot 2/Stock;R532;Depot 2/Stock/R532;mapped;37;Source observee sur 37 ligne(s). Rattache a Depot 2 (repartition RPBM du 2026-08-05).
R533;Depot 2;Depot 2/Stock;R533;Depot 2/Stock/R533;mapped;27;Source observee sur 27 ligne(s). Rattache a Depot 2 (repartition RPBM du 2026-08-05).
R534;Depot 2;Depot 2/Stock;R534;Depot 2/Stock/R534;mapped;19;Source observee sur 19 ligne(s). Rattache a Depot 2 (repartition RPBM du 2026-08-05).
R535;Depot 2;Depot 2/Stock;R535;Depot 2/Stock/R535;mapped;16;Source observee sur 16 ligne(s). Rattache a Depot 2 (repartition RPBM du 2026-08-05).
R536;Depot 2;Depot 2/Stock;R536;Depot 2/Stock/R536;mapped;14;Source observee sur 14 ligne(s). Rattache a Depot 2 (repartition RPBM du 2026-08-05).
R537;Depot 2;Depot 2/Stock;R537;Depot 2/Stock/R537;mapped;35;Source observee sur 35 ligne(s). Rattache a Depot 2 (repartition RPBM du 2026-08-05).
R538;Depot 2;Depot 2/Stock;R538;Depot 2/Stock/R538;mapped;45;Source observee sur 45 ligne(s). Rattache a Depot 2 (repartition RPBM du 2026-08-05).
R601;Depot 2;Depot 2/Stock;R601;Depot 2/Stock/R601;mapped;49;Source observee sur 49 ligne(s). Rattache a Depot 2 (repartition RPBM du 2026-08-05).
R602;Depot 2;Depot 2/Stock;R602;Depot 2/Stock/R602;mapped;22;Source observee sur 22 ligne(s). Rattache a Depot 2 (repartition RPBM du 2026-08-05).
R603;Depot 2;Depot 2/Stock;R603;Depot 2/Stock/R603;mapped;9;Source observee sur 9 ligne(s). Rattache a Depot 2 (repartition RPBM du 2026-08-05).
R604;Depot 2;Depot 2/Stock;R604;Depot 2/Stock/R604;mapped;27;Source observee sur 27 ligne(s). Rattache a Depot 2 (repartition RPBM du 2026-08-05).
R605;Depot 2;Depot 2/Stock;R605;Depot 2/Stock/R605;mapped;18;Source observee sur 18 ligne(s). Rattache a Depot 2 (repartition RPBM du 2026-08-05).
R606;Depot 2;Depot 2/Stock;R606;Depot 2/Stock/R606;mapped;21;Source observee sur 21 ligne(s). Rattache a Depot 2 (repartition RPBM du 2026-08-05).
R607;Depot 2;Depot 2/Stock;R607;Depot 2/Stock/R607;mapped;16;Source observee sur 16 ligne(s). Rattache a Depot 2 (repartition RPBM du 2026-08-05).
R608;Depot 2;Depot 2/Stock;R608;Depot 2/Stock/R608;mapped;17;Source observee sur 17 ligne(s). Rattache a Depot 2 (repartition RPBM du 2026-08-05).
R609;Depot 2;Depot 2/Stock;R609;Depot 2/Stock/R609;mapped;24;Source observee sur 24 ligne(s). Rattache a Depot 2 (repartition RPBM du 2026-08-05).
R610;Depot 2;Depot 2/Stock;R610;Depot 2/Stock/R610;mapped;27;Source observee sur 27 ligne(s). Rattache a Depot 2 (repartition RPBM du 2026-08-05).
R611;Depot 2;Depot 2/Stock;R611;Depot 2/Stock/R611;mapped;24;Source observee sur 24 ligne(s). Rattache a Depot 2 (repartition RPBM du 2026-08-05).
R612;Depot 2;Depot 2/Stock;R612;Depot 2/Stock/R612;mapped;33;Source observee sur 33 ligne(s). Rattache a Depot 2 (repartition RPBM du 2026-08-05).
R613;Depot 2;Depot 2/Stock;R613;Depot 2/Stock/R613;mapped;9;Source observee sur 9 ligne(s). Rattache a Depot 2 (repartition RPBM du 2026-08-05).
R614;Depot 2;Depot 2/Stock;R614;Depot 2/Stock/R614;mapped;19;Source observee sur 19 ligne(s). Rattache a Depot 2 (repartition RPBM du 2026-08-05).
R615;Depot 2;Depot 2/Stock;R615;Depot 2/Stock/R615;mapped;20;Source observee sur 20 ligne(s). Rattache a Depot 2 (repartition RPBM du 2026-08-05).
R616;Depot 2;Depot 2/Stock;R616;Depot 2/Stock/R616;mapped;17;Source observee sur 17 ligne(s). Rattache a Depot 2 (repartition RPBM du 2026-08-05).
R617;Depot 2;Depot 2/Stock;R617;Depot 2/Stock/R617;mapped;19;Source observee sur 19 ligne(s). Rattache a Depot 2 (repartition RPBM du 2026-08-05).
R618;Depot 2;Depot 2/Stock;R618;Depot 2/Stock/R618;mapped;31;Source observee sur 31 ligne(s). Rattache a Depot 2 (repartition RPBM du 2026-08-05).
R619;Depot 2;Depot 2/Stock;R619;Depot 2/Stock/R619;mapped;13;Source observee sur 13 ligne(s). Rattache a Depot 2 (repartition RPBM du 2026-08-05).
R620;Depot 2;Depot 2/Stock;R620;Depot 2/Stock/R620;mapped;39;Source observee sur 39 ligne(s). Rattache a Depot 2 (repartition RPBM du 2026-08-05).
R621;Depot 2;Depot 2/Stock;R621;Depot 2/Stock/R621;mapped;17;Source observee sur 17 ligne(s). Rattache a Depot 2 (repartition RPBM du 2026-08-05).
R622;Depot 2;Depot 2/Stock;R622;Depot 2/Stock/R622;mapped;33;Source observee sur 33 ligne(s). Rattache a Depot 2 (repartition RPBM du 2026-08-05).
R623;Depot 2;Depot 2/Stock;R623;Depot 2/Stock/R623;mapped;25;Source observee sur 25 ligne(s). Rattache a Depot 2 (repartition RPBM du 2026-08-05).
R624;Depot 2;Depot 2/Stock;R624;Depot 2/Stock/R624;mapped;21;Source observee sur 21 ligne(s). Rattache a Depot 2 (repartition RPBM du 2026-08-05).
R625;Depot 2;Depot 2/Stock;R625;Depot 2/Stock/R625;mapped;10;Source observee sur 10 ligne(s). Rattache a Depot 2 (repartition RPBM du 2026-08-05).
R626;Depot 2;Depot 2/Stock;R626;Depot 2/Stock/R626;mapped;33;Source observee sur 33 ligne(s). Rattache a Depot 2 (repartition RPBM du 2026-08-05).
R627;Depot 2;Depot 2/Stock;R627;Depot 2/Stock/R627;mapped;23;Source observee sur 23 ligne(s). Rattache a Depot 2 (repartition RPBM du 2026-08-05).
R628;Depot 2;Depot 2/Stock;R628;Depot 2/Stock/R628;mapped;27;Source observee sur 27 ligne(s). Rattache a Depot 2 (repartition RPBM du 2026-08-05).
R629;Depot 2;Depot 2/Stock;R629;Depot 2/Stock/R629;mapped;17;Source observee sur 17 ligne(s). Rattache a Depot 2 (repartition RPBM du 2026-08-05).
R630;Depot 2;Depot 2/Stock;R630;Depot 2/Stock/R630;mapped;33;Source observee sur 33 ligne(s). Rattache a Depot 2 (repartition RPBM du 2026-08-05).
R631;Depot 2;Depot 2/Stock;R631;Depot 2/Stock/R631;mapped;35;Source observee sur 35 ligne(s). Rattache a Depot 2 (repartition RPBM du 2026-08-05).
R632;Depot 2;Depot 2/Stock;R632;Depot 2/Stock/R632;mapped;20;Source observee sur 20 ligne(s). Rattache a Depot 2 (repartition RPBM du 2026-08-05).
R633;Depot 2;Depot 2/Stock;R633;Depot 2/Stock/R633;mapped;20;Source observee sur 20 ligne(s). Rattache a Depot 2 (repartition RPBM du 2026-08-05).
R634;Depot 2;Depot 2/Stock;R634;Depot 2/Stock/R634;mapped;30;Source observee sur 30 ligne(s). Rattache a Depot 2 (repartition RPBM du 2026-08-05).
R635;Depot 2;Depot 2/Stock;R635;Depot 2/Stock/R635;mapped;41;Source observee sur 41 ligne(s). Rattache a Depot 2 (repartition RPBM du 2026-08-05).
R636;Depot 2;Depot 2/Stock;R636;Depot 2/Stock/R636;mapped;50;Source observee sur 50 ligne(s). Rattache a Depot 2 (repartition RPBM du 2026-08-05).
R636 ?;Depot 2;Depot 2/Stock;R636;Depot 2/Stock/R636;mapped;1;Source observee sur 1 ligne(s). Rattache a Depot 2 (repartition RPBM du 2026-08-05).
R637;Depot 2;Depot 2/Stock;R637;Depot 2/Stock/R637;mapped;25;Source observee sur 25 ligne(s). Rattache a Depot 2 (repartition RPBM du 2026-08-05).
R638;Depot 2;Depot 2/Stock;R638;Depot 2/Stock/R638;mapped;30;Source observee sur 30 ligne(s). Rattache a Depot 2 (repartition RPBM du 2026-08-05).
R642;Depot 2;Depot 2/Stock;R642;Depot 2/Stock/R642;mapped;1;Source observee sur 1 ligne(s). Rattache a Depot 2 (repartition RPBM du 2026-08-05).
R701;Depot 2;Depot 2/Stock;R701;Depot 2/Stock/R701;mapped;15;Source observee sur 15 ligne(s). Rattache a Depot 2 (repartition RPBM du 2026-08-05).
R702;Depot 2;Depot 2/Stock;R702;Depot 2/Stock/R702;mapped;31;Source observee sur 31 ligne(s). Rattache a Depot 2 (repartition RPBM du 2026-08-05).
R703;Depot 2;Depot 2/Stock;R703;Depot 2/Stock/R703;mapped;26;Source observee sur 26 ligne(s). Rattache a Depot 2 (repartition RPBM du 2026-08-05).
R704;Depot 2;Depot 2/Stock;R704;Depot 2/Stock/R704;mapped;18;Source observee sur 18 ligne(s). Rattache a Depot 2 (repartition RPBM du 2026-08-05).
R705;Depot 2;Depot 2/Stock;R705;Depot 2/Stock/R705;mapped;16;Source observee sur 16 ligne(s). Rattache a Depot 2 (repartition RPBM du 2026-08-05).
R706;Depot 2;Depot 2/Stock;R706;Depot 2/Stock/R706;mapped;10;Source observee sur 10 ligne(s). Rattache a Depot 2 (repartition RPBM du 2026-08-05).
R707;Depot 2;Depot 2/Stock;R707;Depot 2/Stock/R707;mapped;8;Source observee sur 8 ligne(s). Rattache a Depot 2 (repartition RPBM du 2026-08-05).
R708;Depot 2;Depot 2/Stock;R708;Depot 2/Stock/R708;mapped;28;Source observee sur 28 ligne(s). Rattache a Depot 2 (repartition RPBM du 2026-08-05).
R709;Depot 2;Depot 2/Stock;R709;Depot 2/Stock/R709;mapped;16;Source observee sur 16 ligne(s). Rattache a Depot 2 (repartition RPBM du 2026-08-05).
R710;Depot 2;Depot 2/Stock;R710;Depot 2/Stock/R710;mapped;11;Source observee sur 11 ligne(s). Rattache a Depot 2 (repartition RPBM du 2026-08-05).
R711;Depot 2;Depot 2/Stock;R711;Depot 2/Stock/R711;mapped;9;Source observee sur 9 ligne(s). Rattache a Depot 2 (repartition RPBM du 2026-08-05).
R712;Depot 2;Depot 2/Stock;R712;Depot 2/Stock/R712;mapped;5;Source observee sur 5 ligne(s). Rattache a Depot 2 (repartition RPBM du 2026-08-05).
R713;Depot 2;Depot 2/Stock;R713;Depot 2/Stock/R713;mapped;5;Source observee sur 5 ligne(s). Rattache a Depot 2 (repartition RPBM du 2026-08-05).
R714;Depot 2;Depot 2/Stock;R714;Depot 2/Stock/R714;mapped;7;Source observee sur 7 ligne(s). Rattache a Depot 2 (repartition RPBM du 2026-08-05).
R715;Depot 2;Depot 2/Stock;R715;Depot 2/Stock/R715;mapped;17;Source observee sur 17 ligne(s). Rattache a Depot 2 (repartition RPBM du 2026-08-05).
R716;Depot 2;Depot 2/Stock;R716;Depot 2/Stock/R716;mapped;17;Source observee sur 17 ligne(s). Rattache a Depot 2 (repartition RPBM du 2026-08-05).
R717;Depot 2;Depot 2/Stock;R717;Depot 2/Stock/R717;mapped;4;Source observee sur 4 ligne(s). Rattache a Depot 2 (repartition RPBM du 2026-08-05).
R718;Depot 2;Depot 2/Stock;R718;Depot 2/Stock/R718;mapped;5;Source observee sur 5 ligne(s). Rattache a Depot 2 (repartition RPBM du 2026-08-05).
R719;Depot 2;Depot 2/Stock;R719;Depot 2/Stock/R719;mapped;6;Source observee sur 6 ligne(s). Rattache a Depot 2 (repartition RPBM du 2026-08-05).
R720;Depot 2;Depot 2/Stock;R720;Depot 2/Stock/R720;mapped;22;Source observee sur 22 ligne(s). Rattache a Depot 2 (repartition RPBM du 2026-08-05).
R721;Depot 2;Depot 2/Stock;R721;Depot 2/Stock/R721;mapped;15;Source observee sur 15 ligne(s). Rattache a Depot 2 (repartition RPBM du 2026-08-05).
R722;Depot 2;Depot 2/Stock;R722;Depot 2/Stock/R722;mapped;20;Source observee sur 20 ligne(s). Rattache a Depot 2 (repartition RPBM du 2026-08-05).
R723;Depot 2;Depot 2/Stock;R723;Depot 2/Stock/R723;mapped;36;Source observee sur 36 ligne(s). Rattache a Depot 2 (repartition RPBM du 2026-08-05).
R724;Depot 2;Depot 2/Stock;R724;Depot 2/Stock/R724;mapped;11;Source observee sur 11 ligne(s). Rattache a Depot 2 (repartition RPBM du 2026-08-05).
R725;Depot 2;Depot 2/Stock;R725;Depot 2/Stock/R725;mapped;24;Source observee sur 24 ligne(s). Rattache a Depot 2 (repartition RPBM du 2026-08-05).
R726;Depot 2;Depot 2/Stock;R726;Depot 2/Stock/R726;mapped;28;Source observee sur 28 ligne(s). Rattache a Depot 2 (repartition RPBM du 2026-08-05).
R727;Depot 2;Depot 2/Stock;R727;Depot 2/Stock/R727;mapped;17;Source observee sur 17 ligne(s). Rattache a Depot 2 (repartition RPBM du 2026-08-05).
R728;Depot 2;Depot 2/Stock;R728;Depot 2/Stock/R728;mapped;17;Source observee sur 17 ligne(s). Rattache a Depot 2 (repartition RPBM du 2026-08-05).
R729;Depot 2;Depot 2/Stock;R729;Depot 2/Stock/R729;mapped;13;Source observee sur 13 ligne(s). Rattache a Depot 2 (repartition RPBM du 2026-08-05).
R730;Depot 2;Depot 2/Stock;R730;Depot 2/Stock/R730;mapped;11;Source observee sur 11 ligne(s). Rattache a Depot 2 (repartition RPBM du 2026-08-05).
R731;Depot 2;Depot 2/Stock;R731;Depot 2/Stock/R731;mapped;24;Source observee sur 24 ligne(s). Rattache a Depot 2 (repartition RPBM du 2026-08-05).
R732;Depot 2;Depot 2/Stock;R732;Depot 2/Stock/R732;mapped;12;Source observee sur 12 ligne(s). Rattache a Depot 2 (repartition RPBM du 2026-08-05).
R733;Depot 2;Depot 2/Stock;R733;Depot 2/Stock/R733;mapped;15;Source observee sur 15 ligne(s). Rattache a Depot 2 (repartition RPBM du 2026-08-05).
R734;Depot 2;Depot 2/Stock;R734;Depot 2/Stock/R734;mapped;14;Source observee sur 14 ligne(s). Rattache a Depot 2 (repartition RPBM du 2026-08-05).
R735;Depot 2;Depot 2/Stock;R735;Depot 2/Stock/R735;mapped;23;Source observee sur 23 ligne(s). Rattache a Depot 2 (repartition RPBM du 2026-08-05).
R736;Depot 2;Depot 2/Stock;R736;Depot 2/Stock/R736;mapped;16;Source observee sur 16 ligne(s). Rattache a Depot 2 (repartition RPBM du 2026-08-05).
R737;Depot 2;Depot 2/Stock;R737;Depot 2/Stock/R737;mapped;17;Source observee sur 17 ligne(s). Rattache a Depot 2 (repartition RPBM du 2026-08-05).
R738;Depot 2;Depot 2/Stock;R738;Depot 2/Stock/R738;mapped;18;Source observee sur 18 ligne(s). Rattache a Depot 2 (repartition RPBM du 2026-08-05).
R739;Depot 2;Depot 2/Stock;R739;Depot 2/Stock/R739;mapped;1;Source observee sur 1 ligne(s). Rattache a Depot 2 (repartition RPBM du 2026-08-05).
R801;Depot 2;Depot 2/Stock;R801;Depot 2/Stock/R801;mapped;3;Source observee sur 3 ligne(s). Rattache a Depot 2 (repartition RPBM du 2026-08-05).
R802;Depot 2;Depot 2/Stock;R802;Depot 2/Stock/R802;mapped;4;Source observee sur 4 ligne(s). Rattache a Depot 2 (repartition RPBM du 2026-08-05).
R803;Depot 2;Depot 2/Stock;R803;Depot 2/Stock/R803;mapped;1;Source observee sur 1 ligne(s). Rattache a Depot 2 (repartition RPBM du 2026-08-05).
R804;Depot 2;Depot 2/Stock;R804;Depot 2/Stock/R804;mapped;2;Source observee sur 2 ligne(s). Rattache a Depot 2 (repartition RPBM du 2026-08-05).
R805;Depot 2;Depot 2/Stock;R805;Depot 2/Stock/R805;mapped;2;Source observee sur 2 ligne(s). Rattache a Depot 2 (repartition RPBM du 2026-08-05).
R806;Depot 2;Depot 2/Stock;R806;Depot 2/Stock/R806;mapped;3;Source observee sur 3 ligne(s). Rattache a Depot 2 (repartition RPBM du 2026-08-05).
R807;Depot 2;Depot 2/Stock;R807;Depot 2/Stock/R807;mapped;3;Source observee sur 3 ligne(s). Rattache a Depot 2 (repartition RPBM du 2026-08-05).
R808;Depot 2;Depot 2/Stock;R808;Depot 2/Stock/R808;mapped;5;Source observee sur 5 ligne(s). Rattache a Depot 2 (repartition RPBM du 2026-08-05).
R809;Depot 2;Depot 2/Stock;R809;Depot 2/Stock/R809;mapped;2;Source observee sur 2 ligne(s). Rattache a Depot 2 (repartition RPBM du 2026-08-05).
R810;Depot 2;Depot 2/Stock;R810;Depot 2/Stock/R810;mapped;3;Source observee sur 3 ligne(s). Rattache a Depot 2 (repartition RPBM du 2026-08-05).
R811;Depot 2;Depot 2/Stock;R811;Depot 2/Stock/R811;mapped;3;Source observee sur 3 ligne(s). Rattache a Depot 2 (repartition RPBM du 2026-08-05).
R812;Depot 2;Depot 2/Stock;R812;Depot 2/Stock/R812;mapped;1;Source observee sur 1 ligne(s). Rattache a Depot 2 (repartition RPBM du 2026-08-05).
R813;Depot 2;Depot 2/Stock;R813;Depot 2/Stock/R813;mapped;2;Source observee sur 2 ligne(s). Rattache a Depot 2 (repartition RPBM du 2026-08-05).
R814;Depot 2;Depot 2/Stock;R814;Depot 2/Stock/R814;mapped;3;Source observee sur 3 ligne(s). Rattache a Depot 2 (repartition RPBM du 2026-08-05).
R815;Depot 2;Depot 2/Stock;R815;Depot 2/Stock/R815;mapped;2;Source observee sur 2 ligne(s). Rattache a Depot 2 (repartition RPBM du 2026-08-05).
R816;Depot 2;Depot 2/Stock;R816;Depot 2/Stock/R816;mapped;1;Source observee sur 1 ligne(s). Rattache a Depot 2 (repartition RPBM du 2026-08-05).
R817;Depot 2;Depot 2/Stock;R817;Depot 2/Stock/R817;mapped;3;Source observee sur 3 ligne(s). Rattache a Depot 2 (repartition RPBM du 2026-08-05).
R818;Depot 2;Depot 2/Stock;R818;Depot 2/Stock/R818;mapped;4;Source observee sur 4 ligne(s). Rattache a Depot 2 (repartition RPBM du 2026-08-05).
R819;Depot 2;Depot 2/Stock;R819;Depot 2/Stock/R819;mapped;1;Source observee sur 1 ligne(s). Rattache a Depot 2 (repartition RPBM du 2026-08-05).
R820;Depot 2;Depot 2/Stock;R820;Depot 2/Stock/R820;mapped;6;Source observee sur 6 ligne(s). Rattache a Depot 2 (repartition RPBM du 2026-08-05).
R821;Depot 2;Depot 2/Stock;R821;Depot 2/Stock/R821;mapped;1;Source observee sur 1 ligne(s). Rattache a Depot 2 (repartition RPBM du 2026-08-05).
R822;Depot 2;Depot 2/Stock;R822;Depot 2/Stock/R822;mapped;3;Source observee sur 3 ligne(s). Rattache a Depot 2 (repartition RPBM du 2026-08-05).
R823;Depot 2;Depot 2/Stock;R823;Depot 2/Stock/R823;mapped;3;Source observee sur 3 ligne(s). Rattache a Depot 2 (repartition RPBM du 2026-08-05).
R824;Depot 2;Depot 2/Stock;R824;Depot 2/Stock/R824;mapped;1;Source observee sur 1 ligne(s). Rattache a Depot 2 (repartition RPBM du 2026-08-05).
R825;Depot 2;Depot 2/Stock;R825;Depot 2/Stock/R825;mapped;3;Source observee sur 3 ligne(s). Rattache a Depot 2 (repartition RPBM du 2026-08-05).
R826;Depot 2;Depot 2/Stock;R826;Depot 2/Stock/R826;mapped;2;Source observee sur 2 ligne(s). Rattache a Depot 2 (repartition RPBM du 2026-08-05).
R827;Depot 2;Depot 2/Stock;R827;Depot 2/Stock/R827;mapped;3;Source observee sur 3 ligne(s). Rattache a Depot 2 (repartition RPBM du 2026-08-05).
R828;Depot 2;Depot 2/Stock;R828;Depot 2/Stock/R828;mapped;2;Source observee sur 2 ligne(s). Rattache a Depot 2 (repartition RPBM du 2026-08-05).
R829;Depot 2;Depot 2/Stock;R829;Depot 2/Stock/R829;mapped;1;Source observee sur 1 ligne(s). Rattache a Depot 2 (repartition RPBM du 2026-08-05).
R830;Depot 2;Depot 2/Stock;R830;Depot 2/Stock/R830;mapped;1;Source observee sur 1 ligne(s). Rattache a Depot 2 (repartition RPBM du 2026-08-05).
R831;Depot 2;Depot 2/Stock;R831;Depot 2/Stock/R831;mapped;1;Source observee sur 1 ligne(s). Rattache a Depot 2 (repartition RPBM du 2026-08-05).
R832;Depot 2;Depot 2/Stock;R832;Depot 2/Stock/R832;mapped;3;Source observee sur 3 ligne(s). Rattache a Depot 2 (repartition RPBM du 2026-08-05).
R833;Depot 2;Depot 2/Stock;R833;Depot 2/Stock/R833;mapped;4;Source observee sur 4 ligne(s). Rattache a Depot 2 (repartition RPBM du 2026-08-05).
R834;Depot 2;Depot 2/Stock;R834;Depot 2/Stock/R834;mapped;3;Source observee sur 3 ligne(s). Rattache a Depot 2 (repartition RPBM du 2026-08-05).
R835;Depot 2;Depot 2/Stock;R835;Depot 2/Stock/R835;mapped;2;Source observee sur 2 ligne(s). Rattache a Depot 2 (repartition RPBM du 2026-08-05).
R836;Depot 2;Depot 2/Stock;R836;Depot 2/Stock/R836;mapped;3;Source observee sur 3 ligne(s). Rattache a Depot 2 (repartition RPBM du 2026-08-05).
R837;Depot 2;Depot 2/Stock;R837;Depot 2/Stock/R837;mapped;11;Source observee sur 11 ligne(s). Rattache a Depot 2 (repartition RPBM du 2026-08-05).
R900;Depot 2;Depot 2/Stock;R900;Depot 2/Stock/R900;mapped;4;Source observee sur 4 ligne(s). Rattache a Depot 2 (repartition RPBM du 2026-08-05).
R901;Depot 2;Depot 2/Stock;R901;Depot 2/Stock/R901;mapped;25;Source observee sur 25 ligne(s). Rattache a Depot 2 (repartition RPBM du 2026-08-05).
R902;Depot 2;Depot 2/Stock;R902;Depot 2/Stock/R902;mapped;28;Source observee sur 28 ligne(s). Rattache a Depot 2 (repartition RPBM du 2026-08-05).
R903;Depot 2;Depot 2/Stock;R903;Depot 2/Stock/R903;mapped;48;Source observee sur 48 ligne(s). Rattache a Depot 2 (repartition RPBM du 2026-08-05).
R904;Depot 2;Depot 2/Stock;R904;Depot 2/Stock/R904;mapped;46;Source observee sur 46 ligne(s). Rattache a Depot 2 (repartition RPBM du 2026-08-05).
R905;Depot 2;Depot 2/Stock;R905;Depot 2/Stock/R905;mapped;45;Source observee sur 45 ligne(s). Rattache a Depot 2 (repartition RPBM du 2026-08-05).
R906;Depot 2;Depot 2/Stock;R906;Depot 2/Stock/R906;mapped;53;Source observee sur 53 ligne(s). Rattache a Depot 2 (repartition RPBM du 2026-08-05).
R907;Depot 2;Depot 2/Stock;R907;Depot 2/Stock/R907;mapped;30;Source observee sur 30 ligne(s). Rattache a Depot 2 (repartition RPBM du 2026-08-05).
R908;Depot 2;Depot 2/Stock;R908;Depot 2/Stock/R908;mapped;44;Source observee sur 44 ligne(s). Rattache a Depot 2 (repartition RPBM du 2026-08-05).
R909;Depot 2;Depot 2/Stock;R909;Depot 2/Stock/R909;mapped;17;Source observee sur 17 ligne(s). Rattache a Depot 2 (repartition RPBM du 2026-08-05).
R910;Depot 2;Depot 2/Stock;R910;Depot 2/Stock/R910;mapped;27;Source observee sur 27 ligne(s). Rattache a Depot 2 (repartition RPBM du 2026-08-05).
R911;Depot 2;Depot 2/Stock;R911;Depot 2/Stock/R911;mapped;19;Source observee sur 19 ligne(s). Rattache a Depot 2 (repartition RPBM du 2026-08-05).
R912;Depot 2;Depot 2/Stock;R912;Depot 2/Stock/R912;mapped;53;Source observee sur 53 ligne(s). Rattache a Depot 2 (repartition RPBM du 2026-08-05).
R913;Depot 2;Depot 2/Stock;R913;Depot 2/Stock/R913;mapped;23;Source observee sur 23 ligne(s). Rattache a Depot 2 (repartition RPBM du 2026-08-05).
R914;Depot 2;Depot 2/Stock;R914;Depot 2/Stock/R914;mapped;45;Source observee sur 45 ligne(s). Rattache a Depot 2 (repartition RPBM du 2026-08-05).
R915;Depot 2;Depot 2/Stock;R915;Depot 2/Stock/R915;mapped;34;Source observee sur 34 ligne(s). Rattache a Depot 2 (repartition RPBM du 2026-08-05).
R916;Depot 2;Depot 2/Stock;R916;Depot 2/Stock/R916;mapped;7;Source observee sur 7 ligne(s). Rattache a Depot 2 (repartition RPBM du 2026-08-05).
R917;Depot 2;Depot 2/Stock;R917;Depot 2/Stock/R917;mapped;10;Source observee sur 10 ligne(s). Rattache a Depot 2 (repartition RPBM du 2026-08-05).
R918;Depot 2;Depot 2/Stock;R918;Depot 2/Stock/R918;mapped;11;Source observee sur 11 ligne(s). Rattache a Depot 2 (repartition RPBM du 2026-08-05).
R919;Depot 2;Depot 2/Stock;R919;Depot 2/Stock/R919;mapped;9;Source observee sur 9 ligne(s). Rattache a Depot 2 (repartition RPBM du 2026-08-05).
R920;Depot 2;Depot 2/Stock;R920;Depot 2/Stock/R920;mapped;19;Source observee sur 19 ligne(s). Rattache a Depot 2 (repartition RPBM du 2026-08-05).
R921;Depot 2;Depot 2/Stock;R921;Depot 2/Stock/R921;mapped;11;Source observee sur 11 ligne(s). Rattache a Depot 2 (repartition RPBM du 2026-08-05).
R922;Depot 2;Depot 2/Stock;R922;Depot 2/Stock/R922;mapped;17;Source observee sur 17 ligne(s). Rattache a Depot 2 (repartition RPBM du 2026-08-05).
R923;Depot 2;Depot 2/Stock;R923;Depot 2/Stock/R923;mapped;8;Source observee sur 8 ligne(s). Rattache a Depot 2 (repartition RPBM du 2026-08-05).
R924;Depot 2;Depot 2/Stock;R924;Depot 2/Stock/R924;mapped;22;Source observee sur 22 ligne(s). Rattache a Depot 2 (repartition RPBM du 2026-08-05).
R925;Depot 2;Depot 2/Stock;R925;Depot 2/Stock/R925;mapped;6;Source observee sur 6 ligne(s). Rattache a Depot 2 (repartition RPBM du 2026-08-05).
R926;Depot 2;Depot 2/Stock;R926;Depot 2/Stock/R926;mapped;10;Source observee sur 10 ligne(s). Rattache a Depot 2 (repartition RPBM du 2026-08-05).
R927;Depot 2;Depot 2/Stock;R927;Depot 2/Stock/R927;mapped;20;Source observee sur 20 ligne(s). Rattache a Depot 2 (repartition RPBM du 2026-08-05).
R928;Depot 2;Depot 2/Stock;R928;Depot 2/Stock/R928;mapped;7;Source observee sur 7 ligne(s). Rattache a Depot 2 (repartition RPBM du 2026-08-05).
R929;Depot 2;Depot 2/Stock;R929;Depot 2/Stock/R929;mapped;8;Source observee sur 8 ligne(s). Rattache a Depot 2 (repartition RPBM du 2026-08-05).
R930;Depot 2;Depot 2/Stock;R930;Depot 2/Stock/R930;mapped;17;Source observee sur 17 ligne(s). Rattache a Depot 2 (repartition RPBM du 2026-08-05).
R931;Depot 2;Depot 2/Stock;R931;Depot 2/Stock/R931;mapped;11;Source observee sur 11 ligne(s). Rattache a Depot 2 (repartition RPBM du 2026-08-05).
R932;Depot 2;Depot 2/Stock;R932;Depot 2/Stock/R932;mapped;7;Source observee sur 7 ligne(s). Rattache a Depot 2 (repartition RPBM du 2026-08-05).
R933;Depot 2;Depot 2/Stock;R933;Depot 2/Stock/R933;mapped;32;Source observee sur 32 ligne(s). Rattache a Depot 2 (repartition RPBM du 2026-08-05).
R934;Depot 2;Depot 2/Stock;R934;Depot 2/Stock/R934;mapped;21;Source observee sur 21 ligne(s). Rattache a Depot 2 (repartition RPBM du 2026-08-05).
R935;Depot 2;Depot 2/Stock;R935;Depot 2/Stock/R935;mapped;13;Source observee sur 13 ligne(s). Rattache a Depot 2 (repartition RPBM du 2026-08-05).
R936;Depot 2;Depot 2/Stock;R936;Depot 2/Stock/R936;mapped;6;Source observee sur 6 ligne(s). Rattache a Depot 2 (repartition RPBM du 2026-08-05).
R937;Depot 2;Depot 2/Stock;R937;Depot 2/Stock/R937;mapped;1;Source observee sur 1 ligne(s). Rattache a Depot 2 (repartition RPBM du 2026-08-05).
Rack Bidons Droite;;;;;to_check;3;Source observee sur 3 ligne(s). Valeur heterogene : rattachement a confirmer.
Rack Plafond 1;;;;;to_check;1;Source observee sur 1 ligne(s). Valeur heterogene : rattachement a confirmer.
Rack Plafond 2;;;;;to_check;2;Source observee sur 2 ligne(s). Valeur heterogene : rattachement a confirmer.
T001;Depot 2;Depot 2/Stock;T001;Depot 2/Stock/T001;mapped;29;Source observee sur 29 ligne(s). Rattache a Depot 2 (repartition RPBM du 2026-08-05).
T002;Depot 2;Depot 2/Stock;T002;Depot 2/Stock/T002;mapped;3;Source observee sur 3 ligne(s). Rattache a Depot 2 (repartition RPBM du 2026-08-05).
T003;Depot 2;Depot 2/Stock;T003;Depot 2/Stock/T003;mapped;13;Source observee sur 13 ligne(s). Rattache a Depot 2 (repartition RPBM du 2026-08-05).
T004;Depot 2;Depot 2/Stock;T004;Depot 2/Stock/T004;mapped;3;Source observee sur 3 ligne(s). Rattache a Depot 2 (repartition RPBM du 2026-08-05).
T005;Depot 2;Depot 2/Stock;T005;Depot 2/Stock/T005;mapped;7;Source observee sur 7 ligne(s). Rattache a Depot 2 (repartition RPBM du 2026-08-05).
T006;Depot 2;Depot 2/Stock;T006;Depot 2/Stock/T006;mapped;3;Source observee sur 3 ligne(s). Rattache a Depot 2 (repartition RPBM du 2026-08-05).
T007;Depot 2;Depot 2/Stock;T007;Depot 2/Stock/T007;mapped;3;Source observee sur 3 ligne(s). Rattache a Depot 2 (repartition RPBM du 2026-08-05).
T008;Depot 2;Depot 2/Stock;T008;Depot 2/Stock/T008;mapped;3;Source observee sur 3 ligne(s). Rattache a Depot 2 (repartition RPBM du 2026-08-05).
T010;Depot 2;Depot 2/Stock;T010;Depot 2/Stock/T010;mapped;10;Source observee sur 10 ligne(s). Rattache a Depot 2 (repartition RPBM du 2026-08-05).
T011;Depot 2;Depot 2/Stock;T011;Depot 2/Stock/T011;mapped;3;Source observee sur 3 ligne(s). Rattache a Depot 2 (repartition RPBM du 2026-08-05).
T101;Depot 2;Depot 2/Stock;T101;Depot 2/Stock/T101;mapped;3;Source observee sur 3 ligne(s). Rattache a Depot 2 (repartition RPBM du 2026-08-05).
T203;Depot 2;Depot 2/Stock;T203;Depot 2/Stock/T203;mapped;1;Source observee sur 1 ligne(s). Rattache a Depot 2 (repartition RPBM du 2026-08-05).
T204;Depot 2;Depot 2/Stock;T204;Depot 2/Stock/T204;mapped;1;Source observee sur 1 ligne(s). Rattache a Depot 2 (repartition RPBM du 2026-08-05).
T301;Depot 2;Depot 2/Stock;T301;Depot 2/Stock/T301;mapped;1;Source observee sur 1 ligne(s). Rattache a Depot 2 (repartition RPBM du 2026-08-05).
T302;Depot 2;Depot 2/Stock;T302;Depot 2/Stock/T302;mapped;4;Source observee sur 4 ligne(s). Rattache a Depot 2 (repartition RPBM du 2026-08-05).
T306;Depot 2;Depot 2/Stock;T306;Depot 2/Stock/T306;mapped;2;Source observee sur 2 ligne(s). Rattache a Depot 2 (repartition RPBM du 2026-08-05).
T729;Depot 2;Depot 2/Stock;T729;Depot 2/Stock/T729;mapped;1;Source observee sur 1 ligne(s). Rattache a Depot 2 (repartition RPBM du 2026-08-05).
Tringle;;;;;to_check;61;Source observee sur 61 ligne(s). Valeur heterogene : rattachement a confirmer.
Vendu ?;;;;;to_check;1;Source observee sur 1 ligne(s). Valeur heterogene : rattachement a confirmer.
galleria;galleria;;;;source_warehouse;1;"Source observee sur 1 ligne(s). Entrepot source confirme; rattachement vers la structure Odoo a definir."
r534;Depot 2;Depot 2/Stock;R534;Depot 2/Stock/R534;mapped;1;Source observee sur 1 ligne(s). Rattache a Depot 2 (repartition RPBM du 2026-08-05).
r911;Depot 2;Depot 2/Stock;R911;Depot 2/Stock/R911;mapped;1;Source observee sur 1 ligne(s). Rattache a Depot 2 (repartition RPBM du 2026-08-05).
r923;Depot 2;Depot 2/Stock;R923;Depot 2/Stock/R923;mapped;1;Source observee sur 1 ligne(s). Rattache a Depot 2 (repartition RPBM du 2026-08-05).
